"state","city"
"Alabama","Alabaster"
"Alabama","Anniston"
"Alabama","Huntsville"
"Alabama","Decatur"
"Alabama","Mobile"
"Alabama","Madison"
"Alabama","Montgomery"
"Alabama","Dothan"
"Alabama","Cullman"
"Alabama","Tuscaloosa"
"Alabama","Gadsden"
"Alabama","Fairhope"
"Alabama","Section"
"Alabama","Phenix City"
"Alabama","Gulf Shores"
"Alabama","Birmingham"
"Alabama","Spanish Fort"
"Alabama","Opelika"
"Alabama","Jasper"
"Alabama","Florence"
"Alabama","Guntersville"
"Alabama","Trussville"
"Alaska","Haines"
"Alaska","Palmer"
"Alaska","Gakona"
"Alaska","Fox"
"Alaska","Homer"
"Alaska","Skagway"
"Alaska","Sitka"
"Alaska","Fairbanks"
"Alaska","Talkeetna"
"Alaska","Wasilla"
"Alaska","Kodiak"
"Alaska","Anchorage"
"Alaska","Ketchikan"
"Alaska","Girdwood"
"Alaska","Kenai"
"Alaska","Cooper Landing"
"Alaska","Healy"
"Alaska","Nenana"
"Alaska","Valdez"
"Alaska","Seward"
"Alaska","Juneau"
"Alaska","Soldotna"
"Alaska","Hoonah"
"Alaska","Eagle River"
"Arizona","Camp Verde"
"Arizona","Mesa"
"Arizona","Prescott Valley"
"Arizona","Marana"
"Arizona","Yuma"
"Arizona","Kingman"
"Arizona","Skull Valley"
"Arizona","Queen Creek"
"Arizona","Sonoita"
"Arizona","Chandler"
"Arizona","Sierra Vista"
"Arizona","Lake Havasu City"
"Arizona","Prescott"
"Arizona","Lakeside"
"Arizona","Scottsdale"
"Arizona","Show Low"
"Arizona","Phoenix"
"Arizona","Surprise"
"Arizona","Cottonwood"
"Arizona","Tombstone"
"Arizona","Pine"
"Arizona","Gilbert"
"Arizona","Flagstaff"
"Arizona","Peoria"
"Arizona","Williams"
"Arizona","Colorado City"
"Arizona","Chino Valley"
"Arizona","Tempe"
"Arizona","Glendale"
"Arizona","Sedona"
"Arizona","Bisbee"
"Arizona","Elgin"
"Arizona","Tucson"
"Arizona","Goodyear"
"Arizona","Avondale"
"Arkansas","Hot Springs National Park"
"Arkansas","Paragould"
"Arkansas","Big Flat"
"Arkansas","Fort Smith"
"Arkansas","Hot Springs "
"Arkansas","fayetteville"
"Arkansas","rogers"
"Arkansas","Paris"
"Arkansas","Norfork"
"Arkansas","Little Rock"
"Arkansas","North Little Rock"
"Arkansas","Eureka Springs"
"Arkansas","Harrison"
"Arkansas","Lowell"
"Arkansas","Bentonville"
"Arkansas","Mountain Home"
"Arkansas","Rogers"
"Arkansas","Fayetteville"
"Arkansas","Springdale"
"Arkansas","Bonnerdale"
"Arkansas","Amity"
"California","Whitethorn"
"California","Fort Bragg"
"California","Los Banos"
"California","Coronado"
"California","Norco"
"California","Chatsworth"
"California","Visalia"
"California","Julian"
"California","Pasadena"
"California","West Sacramento"
"California","Escondido"
"California","Grover Beach"
"California","La Jolla"
"California","Petaluma"
"California","Elk Grove"
"California","Fortuna"
"California","Jamul"
"California","Chino"
"California","Marina del Rey"
"California","Mariposa"
"California","Cotati"
"California","West Covina"
"California","Santa Monica"
"California","Monrovia"
"California","Eureka"
"California","Idyllwild"
"California","Magalia"
"California","Oakland"
"California","Santa Barbara"
"California","del Mar"
"California","Oceanside"
"California","Garden Valley"
"California","Hollister"
"California","San Fernando"
"California","Santa Rosa"
"California","Sacramento"
"California","Oakdale"
"California","Valencia"
"California","Thousand Oaks"
"California","Santee"
"California","Windsor"
"California","Santa Margarita"
"California","Rancho Cucamonga"
"California","Oroville"
"California","Westlake Village"
"California","Pleasanton"
"California","Pacifica"
"California","Lakeport"
"California","Morro Bay"
"California","Kelseyville"
"California","Plymouth"
"California","Mill Valley"
"California","La Mirada"
"California","Apple Valley"
"California","Sacramento "
"California","Soquel"
"California","Suisun City"
"California","San Jose"
"California","Brea"
"California","Moraga"
"California","Burlingame"
"California","Fullerton"
"California","Guerneville"
"California","Newhall"
"California","Saint Helena"
"California","Ventura"
"California","Goleta"
"California","Daly City"
"California","Lake Almanor"
"California","Mammoth Lakes"
"California","Madera"
"California","Vacaville"
"California","San Rafael"
"California","San Juan Capistrano"
"California","Colton"
"California","Fair Oaks"
"California","Santa Clarita"
"California","Vallejo"
"California","Lancaster"
"California","Dunsmuir"
"California","Camino"
"California","Half Moon Bay"
"California","Santa Maria"
"California","Tehachapi"
"California","Three Rivers"
"California","Burbank"
"California","Carpinteria"
"California","Mccloud"
"California","Woodland"
"California","Imperial"
"California","Healdsburg"
"California","La Verne"
"California","El Cerrito"
"California","Camarillo"
"California","Ukiah"
"California","Aliso Viejo"
"California","Marina"
"California","Whittier"
"California","Costa Mesa"
"California","Rocklin"
"California","Scotia"
"California","Palmdale"
"California","Weed"
"California","Blue Lake"
"California","Montebello"
"California","Menifee"
"California","Livermore"
"California","Belmont"
"California","Salinas"
"California","Davis"
"California","Canoga Park"
"California","Dixon"
"California","Arnold"
"California","Lincoln"
"California","Yorba Linda"
"California","Rancho Santa Margarita"
"California","South San Francisco"
"California","Pomona"
"California","Glendale"
"California","Placentia"
"California","Hesperia"
"California","Berkeley"
"California","El Cajon"
"California","Roseville"
"California","Rancho Mirage"
"California","Wildomar"
"California","Calistoga"
"California","Orcutt"
"California","Hawthorne"
"California","Clearlake"
"California","Lakewood"
"California","Lodi"
"California","Irwindale"
"California","San Ramon"
"California","Concord"
"California","Sebastopol"
"California","Bakersfield"
"California","Gardena"
"California","Silverado"
"California","American Canyon"
"California","Vista"
"California","Hacienda Heights"
"California","Azusa"
"California","Atascadero"
"California","Orange"
"California","Lompoc"
"California","Venice"
"California","Campbell"
"California","Signal Hill"
"California","Susanville"
"California","Agoura Hills"
"California","Sonoma"
"California","Pescadero"
"California","Tulare"
"California","Santa Clara"
"California","Cameron Park"
"California","San Gabriel"
"California","Murrieta"
"California","Oxnard"
"California","Laguna Hills"
"California","Long Beach"
"California","Huntington Beach"
"California","Hermosa Beach"
"California","Morgan Hill"
"California","Martinez"
"California","Fremont"
"California","Tahoe City"
"California","Redondo Beach"
"California","Novato"
"California","Arroyo Grande"
"California","Laguna Beach"
"California","Yucaipa"
"California","Pollock Pines"
"California","Big Bear Lake"
"California","South El Monte"
"California","Princeton"
"California","Potter Valley"
"California","Nevada City"
"California","San Pedro"
"California","McKinleyville"
"California","Diamond Springs"
"California","Los Gatos"
"California","Torrance"
"California","Chula Vista"
"California","Solvang"
"California","Montclair"
"California","Fairfax"
"California","Irvine"
"California","San Carlos"
"California","Taft"
"California","Trabuco Canyon"
"California","South Lake Tahoe"
"California","Exeter"
"California","Covina"
"California","Tracy"
"California","Holtville"
"California","Woodland Hills"
"California","Capitola"
"California","Lafayette"
"California","Lomita"
"California","Santa Ana"
"California","Folsom"
"California","Stevenson Ranch"
"California","Turlock"
"California","Larkspur"
"California","Truckee"
"California","Placerville"
"California","Cambria"
"California","Cayucos"
"California","Van Nuys"
"California","Boonville"
"California","Stockton"
"California","Burney"
"California","San Marcos"
"California","El Segundo"
"California","Watsonville"
"California","Arcadia"
"California","Bishop"
"California","Gilroy"
"California","Yuba City"
"California","Pismo Beach"
"California","Riverside"
"California","Thousand Palms"
"California","Temecula"
"California","Rohnert Park"
"California","Danville"
"California","Lake Elsinore"
"California","Ceres"
"California","Sunnyvale"
"California","Avalon"
"California","Monterey"
"California","San Leandro"
"California","El Dorado Hills"
"California","San Dimas"
"California","Fresno"
"California","Banning"
"California","Carlsbad"
"California","Paso Robles"
"California","Ontario"
"California","Moorpark"
"California","Redding"
"California","Los Angeles"
"California","Oakhurst"
"California","Fairfield"
"California","Scotts Valley"
"California","Dublin"
"California","Fallbrook"
"California","Walnut Creek"
"California","Fountain Valley"
"California","Clovis"
"California","La Mesa"
"California","Cloverdale"
"California","Pittsburg"
"California","Chico"
"California","Lemoore"
"California","Buellton"
"California","Auburn"
"California","Kernville"
"California","Redwood City"
"California","Inyokern"
"California","San Diego"
"California","Tustin"
"California","Etna"
"California","Arcata"
"California","Newport Beach"
"California","San Bernardino"
"California","Sanger"
"California","Valley Center"
"California","Tecopa"
"California","Lemon Grove"
"California","San Luis Obispo"
"California","Culver City"
"California","Red Bluff"
"California","Claremont"
"California","June Lake"
"California","Pacific Grove"
"California","Sherman Oaks"
"California","Richmond"
"California","Crescent City"
"California","Ramona"
"California","Redlands"
"California","Upland"
"California","Rancho Cordova"
"California","Mountain View"
"California","Universal City"
"California","Corona"
"California","Anaheim"
"California","Napa"
"California","Palm Desert"
"California","Carmichael"
"California","Loomis"
"California","Cool"
"California","Solana Beach"
"California","Galt"
"California","Inglewood"
"California","San Clemente"
"California","San Francisco"
"California","Hayward"
"California","Winters"
"California","Alameda"
"California","Blairsden-Graeagle"
"California","Santa Cruz"
"California","Benicia"
"Colorado","Dillon"
"Colorado","Highlands Ranch"
"Colorado","Eaton"
"Colorado","Broomfield"
"Colorado","La Junta"
"Colorado","Salida"
"Colorado","Silverthorne"
"Colorado","Frederick"
"Colorado","Divide"
"Colorado","Steamboat Springs"
"Colorado","Woodland Park"
"Colorado","Paonia"
"Colorado","Grand Lake"
"Colorado","Canon City"
"Colorado","Monument"
"Colorado","Hayden"
"Colorado","Central City"
"Colorado","Breckenridge"
"Colorado","Delta"
"Colorado","Ouray"
"Colorado","Bailey"
"Colorado","Timnath"
"Colorado","Fort Collins"
"Colorado","Mancos"
"Colorado","Thornton"
"Colorado","Fairplay"
"Colorado","Silverton"
"Colorado","Northglenn"
"Colorado","Laporte"
"Colorado","Arvada"
"Colorado","Granby"
"Colorado","Greeley"
"Colorado","Greenwood Village"
"Colorado","Carbondale"
"Colorado","Castle Rock"
"Colorado","Bayfield"
"Colorado","Aspen"
"Colorado","Manitou Springs"
"Colorado","Dolores"
"Colorado","del Norte"
"Colorado","Larkspur"
"Colorado","Nederland"
"Colorado","Telluride"
"Colorado","Windsor"
"Colorado","Crestone"
"Colorado","Peyton"
"Colorado","Berthoud"
"Colorado","Eagle"
"Colorado","Westminster"
"Colorado","Sheridan"
"Colorado","Lafayette"
"Colorado","Grand Junction"
"Colorado","Parker"
"Colorado","Brighton"
"Colorado","Littleton"
"Colorado","Lyons"
"Colorado","Kremmling"
"Colorado","Niwot"
"Colorado","Leadville"
"Colorado","Durango"
"Colorado","Estes Park"
"Colorado","Fruita"
"Colorado","Boulder"
"Colorado","Louisville"
"Colorado","Edwards"
"Colorado","Lake City"
"Colorado","Florence"
"Colorado","Montrose"
"Colorado","Florissant"
"Colorado","Aurora"
"Colorado","Winter Park"
"Colorado","Wellington"
"Colorado","Pueblo"
"Colorado","Lone Tree"
"Colorado","Erie"
"Colorado","Frisco"
"Colorado","Georgetown"
"Colorado","Poncha Springs"
"Colorado","Palisade"
"Colorado","Johnstown"
"Colorado","Buena Vista"
"Colorado","Cortez"
"Colorado","Yuma"
"Colorado","Golden"
"Colorado","Longmont"
"Colorado","Gunnison"
"Colorado","Loveland"
"Colorado","Evergreen"
"Colorado","Wheat Ridge"
"Colorado","Vail"
"Colorado","Crested Butte"
"Colorado","Sterling"
"Colorado","Edgewater"
"Colorado","Cedaredge"
"Colorado","Trinidad"
"Colorado","Centennial"
"Colorado","Englewood"
"Colorado","Basalt"
"Colorado","Idaho Springs"
"Colorado","Glenwood Springs"
"Colorado","Colorado Springs"
"Colorado","Denver"
"Colorado","Alamosa"
"Colorado","Pagosa Springs"
"Colorado","Ridgway"
"Colorado","Lakewood"
"Connecticut","Stratford"
"Connecticut","Woodstock"
"Connecticut","Suffield"
"Connecticut","Rocky Hill"
"Connecticut","Enfield"
"Connecticut","Woodbridge"
"Connecticut","New Britain"
"Connecticut","Branford"
"Connecticut","Salem"
"Connecticut","Milford"
"Connecticut","Pawcatuck"
"Connecticut","Kent"
"Connecticut","Mistic"
"Connecticut","Middlefield"
"Connecticut","Ridgefield"
"Connecticut","Newtown"
"Connecticut","New Hartford"
"Connecticut","Redding"
"Connecticut","North Stonington"
"Connecticut","New Milford"
"Connecticut","Stonington"
"Connecticut","Hamden"
"Connecticut","Willimantic"
"Connecticut","Waterbury"
"Connecticut","Granby"
"Connecticut","Woodbury"
"Connecticut","Danbury"
"Connecticut","Winsted"
"Connecticut","Oakville"
"Connecticut","Plainville"
"Connecticut","Westport"
"Connecticut","New Haven"
"Connecticut","East Hampton"
"Connecticut","Mashantucket"
"Connecticut","Trumbull"
"Connecticut","Ellington"
"Connecticut","Derby"
"Connecticut","Bristol"
"Connecticut","Canaan"
"Connecticut","Cromwell"
"Connecticut","Putnam"
"Connecticut","Norwich"
"Connecticut","West Haven"
"Connecticut","Middletown"
"Connecticut","Chester"
"Connecticut","Harwinton"
"Connecticut","Manchester"
"Connecticut","Monroe"
"Connecticut","Wallingford"
"Connecticut","East Haven"
"Connecticut","South Windsor"
"Connecticut","Norwalk"
"Connecticut","Stafford Springs"
"Connecticut","Old Saybrook"
"Connecticut","Stamford"
"Connecticut","East Hartford"
"Connecticut","Bridgeport"
"Connecticut","Mystic"
"Connecticut","Southington"
"Connecticut","Oxford"
"Connecticut","Haddam"
"Connecticut","Milldale"
"Connecticut","Danielson"
"Connecticut","Bloomfield"
"Connecticut","South Glastonbury"
"Connecticut","Hartford"
"Connecticut","Wolcott"
"Connecticut","Wethersfield"
"Connecticut","New London"
"Connecticut","Groton"
"Connecticut","Bethel"
"Delaware","Middletown"
"Delaware","Georgetown"
"Delaware","Smyrna"
"Delaware","Greenville"
"Delaware","Rehoboth Beach"
"Delaware","Dover"
"Delaware","Dewey Beach"
"Delaware","Yorklyn"
"Delaware","Wilmington"
"Delaware","Newark"
"Delaware","Delmar"
"Delaware","Bear"
"Delaware","Milford"
"Delaware","Lewes"
"Delaware","Milton"
"District of Columbia","Washington"
"Florida","Merritt Island"
"Florida","Daytona Beach"
"Florida","Winter Garden"
"Florida","Key Biscayne"
"Florida","Apollo Beach"
"Florida","St Pete Beach"
"Florida","Titusville"
"Florida","West Melbourne"
"Florida","Oakland Park"
"Florida","Cocoa Beach"
"Florida","Zephyrhills"
"Florida","Ocala"
"Florida","Fernandina Beach"
"Florida","Fort Laurderdale"
"Florida","Port Orange"
"Florida","West Palm Beach"
"Florida","Venice"
"Florida","Islamorada"
"Florida","Lakeland"
"Florida","Dania"
"Florida","Delray Beach"
"Florida","Valrico"
"Florida","Jupiter"
"Florida","Safety Harbor "
"Florida","Pompano Beach"
"Florida","Ormond Beach"
"Florida","Fort Myers"
"Florida","Orlando"
"Florida","Spring Hill"
"Florida","Deland"
"Florida","Miami Beach"
"Florida","Destin"
"Florida","Cape Coral"
"Florida","Saint Johns"
"Florida","Hollywood"
"Florida","Hialeah"
"Florida","Weston"
"Florida","Opa Locka"
"Florida","Homestead"
"Florida","Pensacola"
"Florida","Doral"
"Florida","Panama City Beach"
"Florida","Fort Pierce"
"Florida","Clermont"
"Florida","Key West"
"Florida","Jacksonville"
"Florida","Vero Beach"
"Florida","Gainesville"
"Florida","Port Saint Lucie"
"Florida","Panama City"
"Florida","Safety Harbor"
"Florida","Tallahassee"
"Florida","Land O Lakes"
"Florida","Saint Augustine"
"Florida","Tequesta"
"Florida","Dunedin"
"Florida","Plant City"
"Florida","Lake Worth"
"Florida","Boca Raton"
"Florida","Punta Gorda"
"Florida","Casselberry"
"Florida","Lake City"
"Florida","Bradenton"
"Florida","Coral Springs"
"Florida","Winter Park"
"Florida","Lake Buena Vista"
"Florida","Trinity"
"Florida","Auburndale"
"Florida","Mount Dora"
"Florida","New Smyrna Beach"
"Florida","Leesburg"
"Florida","Clearwater"
"Florida","Brooksville"
"Florida","Winter Springs"
"Florida","Naples"
"Florida","Saint Petersburg"
"Florida","Royal Palm Beach"
"Florida","Fort Walton Beach"
"Florida","Wildwood"
"Florida","Bonita Springs"
"Florida","Crystal River"
"Florida","St Petersburg"
"Florida","Cocoa"
"Florida","Sanford"
"Florida","Debary"
"Florida","Orange Park"
"Florida","Sebring"
"Florida","Santa Rosa Beach"
"Florida","Palm Coast"
"Florida","Palm Harbor"
"Florida","St.Augustine"
"Florida","Davie"
"Florida","Miami"
"Florida","Navarre"
"Florida","Tarpon Springs"
"Florida","Fort Lauderdale"
"Florida","New Port Richey"
"Florida","Indian Harbour Beach"
"Florida","Winter Haven"
"Florida","Melbourne"
"Florida","Riverview"
"Florida","Eustis"
"Florida","Macclenny"
"Florida","Tampa"
"Florida","Milton"
"Florida","Atlantic Beach"
"Florida","Madeira Beach"
"Florida","Odessa"
"Florida","Kissimmee"
"Florida","Cape Canaveral"
"Florida","North Palm Beach"
"Florida","Oviedo"
"Florida","Largo"
"Florida","Apalachicola"
"Florida","Jacksonville Beach"
"Florida","Niceville"
"Florida","Longwood"
"Florida","Boynton Beach"
"Florida","Sebastian"
"Florida","Sarasota"
"Florida","Seminole"
"FL San","San Jose"
"Georgia","Evans"
"Georgia","Peachtree City"
"Georgia","Snellville"
"Georgia","Dalton"
"Georgia","Lagrange"
"Georgia","Greensboro"
"Georgia","Athens"
"Georgia","Sandy Springs"
"Georgia","Duluth"
"Georgia","Newnan"
"Georgia","Buford"
"Georgia","Roswell"
"Georgia","Tucker"
"Georgia","West Point"
"Georgia","Macon"
"Georgia","Blue Ridge"
"Georgia","Braselton"
"Georgia","Hampton"
"Georgia","Cleveland"
"Georgia","Decatur"
"Georgia","Rome"
"Georgia","Augusta"
"Georgia","Hapeville"
"Georgia","Omaha"
"Georgia","Statesboro"
"Georgia","Johns Creek"
"Georgia","Suwanee"
"Georgia","Chamblee"
"Georgia","Albany"
"Georgia","Stone Mountain"
"Georgia","Gainesville"
"Georgia","Rock Spring"
"Georgia","Brunswick"
"Georgia","Marietta"
"Georgia","Carrollton"
"Georgia","Alpharetta"
"Georgia","Savannah"
"Georgia","Canton"
"Georgia","Woodstock"
"Georgia","Lawrenceville"
"Georgia","Fayetteville"
"Georgia","Cartersville"
"Georgia","Valdosta"
"Georgia","Columbus"
"Georgia","Mableton"
"Georgia","Sugarhill"
"Georgia","Fairburn"
"Georgia","Cumming"
"Georgia","Kennesaw"
"Georgia","Dahlonega"
"Georgia","Atlanta"
"Hawaii","Kamuela"
"Hawaii","Kunia"
"Hawaii","Kihei"
"Hawaii","Kaneohe"
"Hawaii","Mililani"
"Hawaii","Kailua"
"Hawaii","Lihue"
"Hawaii","Kailua Kona"
"Hawaii","Hilo"
"Hawaii","Lahaina"
"Hawaii","Port Allen"
"Hawaii","Honolulu"
"Idaho","Elk River"
"Idaho","Pocatello"
"Idaho","Wallace"
"Idaho","McCall"
"Idaho","Riggins"
"Idaho","Idaho Falls"
"Idaho","Cottonwood"
"Idaho","Hailey"
"Idaho","Moscow"
"Idaho","Bonners Ferry"
"Idaho","Ponderay"
"Idaho","Kellogg"
"Idaho","Post Falls"
"Idaho","Victor"
"Idaho","Coeur D Alene"
"Idaho","Ketchum"
"Idaho","Salmon"
"Idaho","Buhl"
"Idaho","Sandpoint"
"Idaho","Garden City"
"Idaho","Hayden"
"Idaho","Nampa"
"Idaho","GARDEN CITY"
"Idaho","Boise"
"Idaho","Twin Falls"
"Idaho","Challis"
"Illinois","O Fallon"
"Illinois","Cary"
"Illinois","Decatur"
"Illinois","Tinley Park"
"Illinois","Blue Island"
"Illinois","Lombard"
"Illinois","Peoria"
"Illinois","Du Quoin"
"Illinois","Long Grove"
"Illinois","Springfield"
"Illinois","Wilmette"
"Illinois","Christopher"
"Illinois","Oak Park"
"Illinois","Champaign"
"Illinois","Westmont"
"Illinois","Metropolis"
"Illinois","Saint Charles"
"Illinois","Lansing"
"Illinois","Cobden"
"Illinois","Gurnee"
"Illinois","Plainfield"
"Illinois","Grayslake"
"Illinois","Chicago"
"Illinois","Moline"
"Illinois","Alto Pass"
"Illinois","South Barrington"
"Illinois","Naperville"
"Illinois","Elmhurst"
"Illinois","Orland Park"
"Illinois","Romeoville"
"Illinois","Itasca"
"Illinois","Berwyn"
"Illinois","Forest Park"
"Illinois","New Lenox"
"Illinois","Paris"
"Illinois","Momence"
"Illinois","Bolingbrook"
"Illinois","Homewood"
"Illinois","Bourbonnais"
"Illinois","Riverside"
"Illinois","Lyons"
"Illinois","Ava"
"Illinois","Freeport"
"Illinois","Downers Grove"
"Illinois","Lena"
"Illinois","Machesney Park"
"Illinois","Byron"
"Illinois","Waterloo"
"Illinois","Petersburg"
"Illinois","Oswego"
"Illinois","West Dundee"
"Illinois","McHenry"
"Illinois","Wheeling"
"Illinois","Palatine"
"Illinois","Waukegan"
"Illinois","North Aurora"
"Illinois","Savoy"
"Illinois","Darien"
"Illinois","Normal"
"Illinois","Monmouth"
"Illinois","Alton"
"Illinois","Grafton"
"Illinois","Ottawa"
"Illinois","Hodgkins"
"Illinois","Woodstock"
"Illinois","Lemont"
"Illinois","Shorewood"
"Illinois","Murphysboro"
"Illinois","Teutopolis"
"Illinois","Collinsville"
"Illinois","Georgetown"
"Illinois","Assumption"
"Illinois","Western Springs"
"Illinois","Lincolnshire"
"Illinois","Joliet"
"Illinois","Carbondale"
"Illinois","Willowbrook"
"Illinois","Bloomington"
"Illinois","Breese"
"Illinois","Crete"
"Illinois","Libertyville"
"Illinois","Geneva"
"Illinois","Quincy"
"Illinois","East Peoria"
"Illinois","Elburn"
"Illinois","Lake Bluff"
"Illinois","Channahon"
"Illinois","Mokena"
"Illinois","Chicago Ridge"
"Illinois","South Beloit"
"Illinois","Geneseo"
"Illinois","Glenview"
"Illinois","Woodridge"
"Illinois","Willow Springs"
"Illinois","Wheaton"
"Illinois","Niles"
"Illinois","Spring Grove"
"Illinois","Rosemont"
"Illinois","Edwardsville"
"Illinois","Red Bud"
"Illinois","Algonquin"
"Illinois","Huntley"
"Illinois","Schiller Park"
"Illinois","Sycamore"
"Illinois","Belleville"
"Illinois","Lake Zurich"
"Illinois","Illiopolis"
"Illinois","Cantrall"
"Illinois","Herrin"
"Illinois","Lake Barrington"
"Illinois","Villa Park"
"Illinois","Urbana"
"Illinois","Highland Park"
"Illinois","Mundelein"
"Illinois","Buffalo Grove"
"Illinois","Aurora"
"Illinois","Elk Grove Village"
"Illinois","Flossmoor"
"Illinois","Warrenville"
"Illinois","Wauconda"
"Illinois","Galena"
"Illinois","Barrington"
"Illinois","Evanston"
"Illinois","Highwood"
"Illinois","Schaumburg"
"Illinois","Rockford"
"Illinois","Hampshire"
"Illinois","Northbrook"
"Illinois","Crystal Lake"
"Illinois","Galesburg"
"Illinois","DeKalb"
"Illinois","Roscoe"
"Illinois","Rock Island"
"Illinois","Mahomet"
"Indiana","Wabash"
"Indiana","West Lafayette"
"Indiana","Jeffersonville"
"Indiana","Corydon"
"Indiana","West Terre Haute"
"Indiana","Greencastle"
"Indiana","Anderson"
"Indiana","Greenwood"
"Indiana","Warsaw"
"Indiana","Terre Haute"
"Indiana","Goshen"
"Indiana","Saint John"
"Indiana","Elkhart"
"Indiana","Evansville"
"Indiana","Aurora"
"Indiana","Bloomfield"
"Indiana","Whiteland"
"Indiana","Liberty"
"Indiana","Fairmount"
"Indiana","Carmel"
"Indiana","Granger"
"Indiana","Angola"
"Indiana","New Albany"
"Indiana","Michigan City"
"Indiana","Richmond"
"Indiana","Crown Point"
"Indiana","Martinsville"
"Indiana","Plainfield"
"Indiana","Wheatfield"
"Indiana","Auburn "
"Indiana","Noblesville"
"Indiana","Ferdinand"
"Indiana","Mishawaka"
"Indiana","Columbus"
"Indiana","Kokomo"
"Indiana","La Porte"
"Indiana","Hammond"
"Indiana","Bargersville"
"Indiana","McCordsville"
"Indiana","Laotto"
"Indiana","Whiting"
"Indiana","Walkerton"
"Indiana","Gary"
"Indiana","Brookston"
"Indiana","Oldenburg"
"Indiana","Danville"
"Indiana","Lapel"
"Indiana","Muncie"
"Indiana","Bedford"
"Indiana","Fort Wayne"
"Indiana","Jasper"
"Indiana","Munster"
"Indiana","Lafayette"
"Indiana","Whitestown"
"Indiana","Indianapolis"
"Indiana","Brazil"
"Indiana","South Bend"
"Indiana","New Harmony"
"Indiana","Valparaiso"
"Indiana","Greenfield"
"Indiana","Knox"
"Indiana","Westfield"
"Indiana","Chesterton"
"Indiana","Griffith"
"Indiana","Franklin"
"Indiana","Dyer"
"Indiana","Fishers"
"Indiana","INDIANAPOLIS"
"Indiana","Nashville"
"Indiana","Merrillville"
"Indiana","Batesville"
"Indiana","Crawfordsville"
"Indiana","Bloomington"
"Iowa","Le Claire"
"Iowa","Iowa City"
"Iowa","Dubuque"
"Iowa","Sioux City"
"Iowa","Kalona"
"Iowa","Waterloo "
"Iowa","Manchester"
"Iowa","Calmar"
"Iowa","Clarion"
"Iowa","Milford"
"Iowa","Mount Vernon"
"Iowa","Clear Lake"
"Iowa","Burlington"
"Iowa","Humboldt"
"Iowa","Polk City"
"Iowa","Albia"
"Iowa","Davenport"
"Iowa","Coralville"
"Iowa","Bellevue"
"Iowa","Amana"
"Iowa","Hampton"
"Iowa","Ottumwa"
"Iowa","West Des Moines"
"Iowa","Muscatine"
"Iowa","Keokuk"
"Iowa","Carroll"
"Iowa","Carlisle"
"Iowa","Lake Mills"
"Iowa","Ellsworth"
"Iowa","Huxley"
"Iowa","Sibley"
"Iowa","Decorah"
"Iowa","Knoxville"
"Iowa","Bondurant"
"Iowa","Glenwood"
"Iowa","Osage"
"Iowa","Elkader"
"Iowa","Cedar Rapids"
"Iowa","Boone"
"Iowa","Des Moines"
"Iowa","Bettendorf"
"Iowa","Northwood"
"Iowa","Clive"
"Iowa","Shenandoah"
"Iowa","Marshalltown"
"Iowa","Fort Dodge"
"Iowa","Waterloo"
"Iowa","Cedar Falls"
"Iowa","Fort Madison"
"Iowa","Mason City"
"Iowa","Ankeny"
"Iowa","Winterset"
"Iowa","Ames"
"Iowa","Spirit Lake"
"Iowa","Oskaloosa"
"Kansas","Washington"
"Kansas","Quinter"
"Kansas","El Dorado"
"Kansas","Dodge City"
"Kansas","Wichita"
"Kansas","Shawnee"
"Kansas","Pittsburg"
"Kansas","Lenexa"
"Kansas","Olathe"
"Kansas","Lawrence"
"Kansas","Kansas City"
"Kansas","Holton"
"Kansas","Burlington"
"Kansas","Beaver"
"Kansas","Fort Scott"
"Kansas","Hays"
"Kansas","Leavenworth"
"Kansas","Hutchinson"
"Kansas","Emporia"
"Kansas","Manhattan"
"Kansas","Salina"
"Kansas","McPherson"
"Kansas","Overland Park"
"Kansas","Cheney"
"Kansas","Topeka"
"Kansas","Humboldt"
"Kentucky","Paris"
"Kentucky","Harrodsburg"
"Kentucky","Newport"
"Kentucky","Somerset"
"Kentucky","Alexandria"
"Kentucky","Beaver Dam"
"Kentucky","Louisville"
"Kentucky","Elizabethtown"
"Kentucky","Hopkinsville"
"Kentucky","Paducah"
"Kentucky","Ludlow"
"Kentucky","Cadiz"
"Kentucky","Pikeville"
"Kentucky","Cynthiana"
"Kentucky","Georgetown"
"Kentucky","Covington"
"Kentucky","Bellevue"
"Kentucky","Bowling Green"
"Kentucky","Lexington"
"Kentucky","Danville"
"Kentucky","Henderson"
"Kentucky","Florence"
"Kentucky","Richmond"
"Kentucky","Prestonsburg"
"Louisiana","Alexandria"
"Louisiana","Broussard"
"Louisiana","Baton Rouge"
"Louisiana","West Monroe"
"Louisiana","Covington"
"Louisiana","Ruston"
"Louisiana","Lafayette"
"Louisiana","Greenwell Springs"
"Louisiana","Mandeville"
"Louisiana","Hammond"
"Louisiana","Arnaudville"
"Louisiana","Marksville"
"Louisiana","Folsom"
"Louisiana","Houma"
"Louisiana","Lake Charles"
"Louisiana","Natchitoches"
"Louisiana","Bossier City"
"Louisiana","Prairieville"
"Louisiana","Monroe"
"Louisiana","Shreveport"
"Louisiana","Amite"
"Louisiana","Thibodaux"
"Louisiana","Saint Francisville"
"Louisiana","New Orleans"
"Maine","South Portland"
"Maine","Scarborough"
"Maine","Carrabassett Valley"
"Maine","Eliot"
"Maine","Westbrook"
"Maine","Waldoboro"
"Maine","Bucksport"
"Maine","West Forks"
"Maine","Hallowell"
"Maine","Pittsfield"
"Maine","S Portland"
"Maine","Peaks Island"
"Maine","Kennebunk"
"Maine","Gorham"
"Maine","Augusta"
"Maine","Bath"
"Maine","Warren"
"Maine","Orono"
"Maine","Harrison"
"Maine","Whitefield"
"Maine","Bar Harbor"
"Maine","Belfast"
"Maine","Kittery"
"Maine","Lubec"
"Maine","Winthrop"
"Maine","Searsmont"
"Maine","Fryeburg"
"Maine","Caribou"
"Maine","York"
"Maine","Union"
"Maine","Sedgwick"
"Maine","Fort Kent"
"Maine","Liberty"
"Maine","Farmington"
"Maine","New Gloucester"
"Maine","Wells"
"Maine","Lyman"
"Maine","Gardiner"
"Maine","Machias"
"Maine","Auburn"
"Maine","Waterville"
"Maine","Newcastle"
"Maine","Ellsworth"
"Maine","Blue Hill"
"Maine","Biddeford"
"Maine","North Haven"
"Maine","Amherst"
"Maine","Naples"
"Maine","Saco"
"Maine","Monmouth"
"Maine","Brunswick"
"Maine","Camden"
"Maine","Skowhegan"
"Maine","Norway"
"Maine","Lincolnville"
"Maine","Bangor"
"Maine","Lewiston"
"Maine","Winterport"
"Maine","Freeport"
"Maine","Portland"
"Maine","Bethel"
"Maine","Monhegan"
"Maine","Boothbay"
"Maine","Rockland"
"Maine","Bridgton"
"Maine","Brewer"
"Maine","Limerick"
"Maryland","Hampstead"
"Maryland","Queenstown"
"Maryland","Laytonsville"
"Maryland","Bethesda"
"Maryland","Upper Marlboro"
"Maryland","Saint Michaels"
"Maryland","Columbia"
"Maryland","Middle River"
"Maryland","Street"
"Maryland","Rockville"
"Maryland","Brookeville"
"Maryland","Gaithersburg"
"Maryland","Centreville"
"Maryland","Mount Airy"
"Maryland","Oxon Hill"
"Maryland","Whaleyville"
"Maryland","Cambridge"
"Maryland","Sudlersville"
"Maryland","Whiteford"
"Maryland","Reisterstown"
"Maryland","Halethorpe"
"Maryland","Hyattsville"
"Maryland","Stevensville"
"Maryland","Baltimore"
"Maryland","Huntingtown"
"Maryland","Dundalk"
"Maryland","Annapolis"
"Maryland","Salisbury"
"Maryland","Denton"
"Maryland","Hunt Valley"
"Maryland","Silver Spring"
"Maryland","Odenton"
"Maryland","Westminster"
"Maryland","Brunswick"
"Maryland","Prince Frederick"
"Maryland","Ellicott City"
"Maryland","Berlin"
"Maryland","Harwood"
"Maryland","Owings"
"Maryland","Parsonsburg"
"Maryland","Germantown"
"Maryland","Federalsburg"
"Maryland","Westminister"
"Maryland","Parkton"
"Maryland","Emmitsburg"
"Maryland","Crofton"
"Maryland","Chesapeake Beach"
"Maryland","Adamstown"
"Maryland","Hagerstown"
"Maryland","Laurel"
"Maryland","Bel Air"
"Maryland","Easton"
"Maryland","Williamsport"
"Maryland","Frederick"
"Maryland","Ocean City"
"Maryland","Derwood"
"Maryland","Dowell"
"Massachusetts","Everett"
"Massachusetts","Bolton"
"Massachusetts","Watertown"
"Massachusetts","Barre"
"Massachusetts","Dorchester"
"Massachusetts","New Bedford"
"Massachusetts","Chelsea"
"Massachusetts","Westminster"
"Massachusetts","Woburn"
"Massachusetts","Southwick"
"Massachusetts","Milford"
"Massachusetts","Worcester"
"Massachusetts","Whitinsville"
"Massachusetts","Newton"
"Massachusetts","Wrentham"
"Massachusetts","South Dennis"
"Massachusetts","Hudson"
"Massachusetts","Great Barrington"
"Massachusetts","Marshfield"
"Massachusetts","Fiskdale"
"Massachusetts","Norton"
"Massachusetts","Belchertown"
"Massachusetts","Beverly"
"Massachusetts","Chicopee"
"Massachusetts","South Hadley"
"Massachusetts","West Brookfield"
"Massachusetts","Greenfield"
"Massachusetts","Jamaica Plain"
"Massachusetts","Framingham"
"Massachusetts","Charlton"
"Massachusetts","Hampden"
"Massachusetts","Scituate"
"Massachusetts","Attleboro"
"Massachusetts","Amherst"
"Massachusetts","Salem"
"Massachusetts","Foxboro"
"Massachusetts","Somerville"
"Massachusetts","Newburyport"
"Massachusetts","Millers Falls"
"Massachusetts","Marblehead"
"Massachusetts","South Deerfield"
"Massachusetts","Westport"
"Massachusetts","Easthampton"
"Massachusetts","Canton"
"Massachusetts","Williamsburg"
"Massachusetts","Medfield"
"Massachusetts","Ludlow"
"Massachusetts","Acton"
"Massachusetts","Sturbridge"
"Massachusetts","Raynham"
"Massachusetts","Northampton"
"Massachusetts","Hyannis"
"Massachusetts","Norwood"
"Massachusetts","Weymouth"
"Massachusetts","Concord"
"Massachusetts","Maynard"
"Massachusetts","Mashpee"
"Massachusetts","Orange"
"Massachusetts","Braintree"
"Massachusetts","Natick"
"Massachusetts","Ipswich"
"Massachusetts","Oak Bluffs"
"Massachusetts","Westfield"
"Massachusetts","Gloucester"
"Massachusetts","Haverhill"
"Massachusetts","North Adams"
"Massachusetts","Orleans"
"Massachusetts","Still River"
"Massachusetts","Lowell"
"Massachusetts","Nantucket"
"Massachusetts","Plymouth"
"Massachusetts","Edgartown"
"Massachusetts","Hull"
"Massachusetts","Waltham"
"Massachusetts","New Salem"
"Massachusetts","Winchester"
"Massachusetts","Gardner"
"Massachusetts","Stockbridge"
"Massachusetts","Amesbury"
"Massachusetts","Falmouth"
"Massachusetts","Westborough"
"Massachusetts","Pittsfield"
"Massachusetts","Abington"
"Massachusetts","Fitchburg"
"Massachusetts","Berkley"
"Massachusetts","Webster"
"Massachusetts","Boston"
"Massachusetts","Sheffield"
"Massachusetts","Colrain"
"Massachusetts","Spencer"
"Massachusetts","Ludlow "
"Massachusetts","Andover"
"Massachusetts","Brookline"
"Massachusetts","Hanover"
"Massachusetts","Dighton"
"Massachusetts","Roslindale"
"Massachusetts","North Easton"
"Massachusetts","Malden"
"Massachusetts","Westhampton"
"Massachusetts","East Brookfield"
"Massachusetts","Whitman"
"Massachusetts","Bridgewater"
"Massachusetts","West Boylston"
"Massachusetts","Cambridge"
"Massachusetts","Turners Falls"
"Massachusetts","Lynn"
"Massachusetts","Hingham"
"Massachusetts","Springfield"
"Massachusetts","Hopkinton"
"Massachusetts","Whately"
"Massachusetts","Florence"
"Massachusetts","Dalton"
"Michigan","Milford"
"Michigan","Alpena"
"Michigan","Port Austin"
"Michigan","Whitehall"
"Michigan","Bay City"
"Michigan","Watervliet"
"Michigan","Midland"
"Michigan","Cedar"
"Michigan","Bloomfield Hills"
"Michigan","Decatur"
"Michigan","PAW PAW"
"Michigan","Calumet"
"Michigan","Beulah"
"Michigan","Saugatuck"
"Michigan","Zeeland"
"Michigan","Reed City"
"Michigan","Portage"
"Michigan","Birmingham"
"Michigan","Three Rivers"
"Michigan","Gaylord"
"Michigan","Armada"
"Michigan","Auburn Hills"
"Michigan","Hazel Park"
"Michigan","Hastings"
"Michigan","Milan"
"Michigan","Alma"
"Michigan","Rochester"
"Michigan","Plymouth"
"Michigan","Belding"
"Michigan","Shelby Township"
"Michigan","Lowell"
"Michigan","Flint"
"Michigan","Williamston"
"Michigan","Lansing"
"Michigan","Oxford"
"Michigan","Holly"
"Michigan","Benton Harbor"
"Michigan","Fenton"
"Michigan","Grand Rapids"
"Michigan","South Haven"
"Michigan","Dutton"
"Michigan","Grandville"
"Michigan","Ann Arbor"
"Michigan","Dorr"
"Michigan","Hillsdale"
"Michigan","Delton"
"Michigan","Ithaca"
"Michigan","Muskegon"
"Michigan","Davison"
"Michigan","Pontiac"
"Michigan","Clinton Township"
"Michigan","Canton"
"Michigan","Livonia"
"Michigan","Saint Joseph"
"Michigan","Sawyer"
"Michigan","Detroit"
"Michigan","Royal Oak"
"Michigan","Ypsilanti"
"Michigan","Washington"
"Michigan","Warren"
"Michigan","Big Rapids"
"Michigan","Caledonia"
"Michigan","Troy"
"Michigan","Marysville"
"Michigan","Holland"
"Michigan","Mattawan"
"Michigan","Rockford"
"Michigan","Clarkston"
"Michigan","Adrian"
"Michigan","Ferndale"
"Michigan","Allendale"
"Michigan","Jackson"
"Michigan","Bangor"
"Michigan","Alanson"
"Michigan","Munising"
"Michigan","Traverse City"
"Michigan","Suttons Bay"
"Michigan","Hemlock"
"Michigan","Wayland"
"Michigan","Saint Clair Shores"
"Michigan","Novi"
"Michigan","Hudsonville"
"Michigan","Spring Lake"
"Michigan","Howell"
"Michigan","East Lansing"
"Michigan","Marshall"
"Michigan","Saginaw"
"Michigan","Farmington"
"Michigan","Kalamazoo"
"Michigan","Shelby Charter Township"
"Michigan","Chelsea"
"Michigan","Petoskey"
"Michigan","Northport"
"Michigan","Cedar Springs"
"Michigan","Copper Harbor"
"Michigan","Buchanan"
"Michigan","Lapeer"
"Michigan","Bridgman"
"Michigan","Beaver Island"
"Michigan","Dewitt"
"Michigan","Whitmore Lake"
"Michigan","Dearborn"
"Michigan","Boyne City"
"Michigan","Burton"
"Michigan","Elk Rapids"
"Michigan","Ironwood"
"Michigan","Charlotte"
"Michigan","Fennville"
"Michigan","Mason"
"Michigan","Brohman"
"Michigan","Galesburg"
"Michigan","Baroda"
"Michigan","Clawson"
"Michigan","Clare"
"Michigan","Waterford"
"Michigan","Kingsford"
"Michigan","Fremont"
"Michigan","Dimondale"
"Michigan","Sault Sainte Marie"
"Michigan","Wixom"
"Michigan","Cedarville"
"Michigan","Lawton"
"Michigan","Ionia"
"Michigan","Vicksburg"
"Michigan","Grand Marais"
"Michigan","Grand Haven"
"Michigan","Lexington"
"Michigan","Lake Ann"
"Michigan","Ludington"
"Michigan","Oscoda"
"Michigan","Morley"
"Michigan","Wyoming"
"Michigan","Mount Pleasant"
"Michigan","Tecumseh"
"Michigan","Paradise"
"Michigan","Plainwell"
"Michigan","Cheboygan"
"Michigan","Manistique"
"Michigan","Paw Paw"
"Michigan","Houghton"
"Michigan","Marine City"
"Michigan","Dowagiac"
"Michigan","Charlevoix"
"Michigan","Tawas City"
"Michigan","Grand rapids"
"Michigan","Bellaire"
"Michigan","Harbor Springs"
"Michigan","Brighton"
"Michigan","Saint Clair"
"Michigan","Sandusky"
"Michigan","Wyandotte"
"Michigan","Marquette"
"Michigan","Cadillac"
"Michigan","Portland"
"Michigan","Hart"
"Michigan","Northville"
"Michigan","Mackinaw City"
"Michigan","Frankfort"
"Michigan","Springfield"
"Michigan","Escanaba"
"Michigan","Allen Park"
"Michigan","Dexter"
"Michigan","Battle Creek"
"Michigan","Ada"
"Michigan","Stevensville"
"Michigan","Fife Lake"
"Michigan","Grosse Pointe Park"
"Michigan","Newaygo"
"Michigan","Saline"
"Michigan","Lincoln Park"
"Michigan","Mt Pleasant"
"Michigan","New Hudson"
"Michigan","Constantine"
"Michigan","West Branch"
"Michigan","Douglas"
"Michigan","Frankenmuth"
"Michigan","Manistee"
"Michigan","Grayling"
"Michigan","Albion"
"Michigan","South Lyon"
"Michigan","Ishpeming"
"Michigan","Commerce Township"
"Michigan","Greenville"
"Michigan","New Buffalo"
"Michigan","Sparta"
"Michigan","Grand Ledge"
"Michigan","Grass Lake"
"Michigan","Comstock Park"
"Minnesota","Nisswa"
"Minnesota","Little Falls"
"Minnesota","Plymouth"
"Minnesota","Stillwater"
"Minnesota","Crosslake"
"Minnesota","Annandale"
"Minnesota","Hopkins"
"Minnesota","Excelsior"
"Minnesota","Lino Lakes"
"Minnesota","Willmar"
"Minnesota","Reads Landing"
"Minnesota","Duluth"
"Minnesota","New Ulm"
"Minnesota","Hendricks"
"Minnesota","Delano"
"Minnesota","Bemidji"
"Minnesota","Moose Lake"
"Minnesota","Crosby"
"Minnesota","Montevideo"
"Minnesota","Eagan"
"Minnesota","Ashby"
"Minnesota","Anoka"
"Minnesota","Maple Grove"
"Minnesota","Winona"
"Minnesota","Brooklyn Ctr"
"Minnesota","Cold Spring"
"Minnesota","Montgomery"
"Minnesota","Oakdale"
"Minnesota","Spring Lake Park"
"Minnesota","St Louis Park"
"Minnesota","Ranier"
"Minnesota","Two Harbors"
"Minnesota","Perham"
"Minnesota","wayzata "
"Minnesota","Jordan"
"Minnesota","Northfield"
"Minnesota","Long Lake"
"Minnesota","Pine City"
"Minnesota","Coon Rapids"
"Minnesota","Saint Cloud"
"Minnesota","Chaska"
"Minnesota","Prior Lake"
"Minnesota","Red Wing"
"Minnesota","North Mankato"
"Minnesota","Baxter"
"Minnesota","Luverne"
"Minnesota","Ely"
"Minnesota","Fergus Falls"
"Minnesota","Mantorville"
"Minnesota","Marshall"
"Minnesota","White Bear Lake"
"Minnesota","Dundas"
"Minnesota","Waseca"
"Minnesota","Spring Park"
"Minnesota","Saint Paul"
"Minnesota","Minneapolis"
"Minnesota","Faribault"
"Minnesota","New London"
"Minnesota","Minnetonka"
"Minnesota","New Brighton"
"Minnesota","Victoria"
"Minnesota","Hibbing"
"Minnesota","Willernie"
"Minnesota","New Prague"
"Minnesota","Roseville"
"Minnesota","Williams"
"Minnesota","Alexandria"
"Minnesota","Hastings"
"Minnesota","Moorhead"
"Minnesota","Grand Rapids"
"Minnesota","Buffalo"
"Minnesota","Detroit Lakes"
"Minnesota","Brooklyn Park"
"Minnesota","Blaine"
"Minnesota","Waconia"
"Minnesota","Burnsville"
"Minnesota","Saint Joseph"
"Minnesota","Hugo"
"Minnesota","Albert Lea"
"Minnesota","Rochester"
"Minnesota","Big Lake"
"Minnesota","Grand Marais"
"Minnesota","Lakeville"
"Minnesota","Rollingstone"
"Minnesota","Sauk Rapids"
"Minnesota","Woodbury"
"Minnesota","Wayzata"
"Minnesota","Bethel"
"Minnesota","Brainerd"
"Minnesota","Fountain"
"Minnesota","Hallock"
"Minnesota","Shakopee"
"Minnesota","Belle Plaine"
"Minnesota","Edina"
"Minnesota","Blue Earth"
"Mississippi","Greenville"
"Mississippi","Vicksburg"
"Mississippi","Gulfport"
"Mississippi","Laurel"
"Mississippi","Water Valley"
"Mississippi","Hattiesburg"
"Mississippi","Biloxi"
"Mississippi","Natchez"
"Mississippi","Jackson"
"Mississippi","okolona"
"Mississippi","Meridian"
"Mississippi","Kiln"
"Mississippi","Starkville"
"Mississippi","Ocean Springs"
"Missouri","Washington"
"Missouri","North Kansas City"
"Missouri","Kansas City"
"Missouri","Weston"
"Missouri","Saint Joseph"
"Missouri","Valley Park"
"Missouri","Park Hills"
"Missouri","Higginsville"
"Missouri","Excelsior Springs"
"Missouri","Stover"
"Missouri","Pontiac"
"Missouri","Chesterfield"
"Missouri","Cape Girardeau"
"Missouri","Rolla"
"Missouri","Labadie"
"Missouri","Drexel"
"Missouri","High Ridge"
"Missouri","O Fallon"
"Missouri","Kansas city"
"Missouri","Willard"
"Missouri","Bucyrus"
"Missouri","Branson"
"Missouri","Berger"
"Missouri","Maplewood"
"Missouri","Lees Summit"
"Missouri","Florissant"
"Missouri","Jefferson City"
"Missouri","West Plains"
"Missouri","Springfield"
"Missouri","Creve Coeur"
"Missouri","Saint James"
"Missouri","Doe Run"
"Missouri","Neosho"
"Missouri","Liberty"
"Missouri","Saint Louis"
"Missouri","Independence"
"Missouri","Sainte Genevieve"
"Missouri","Phillipsburg"
"Missouri","Hamilton"
"Missouri","St. Louis"
"Missouri","Hannibal"
"Missouri","Kirkwood"
"Missouri","Saint Peters"
"Missouri","Festus"
"Missouri","Hermann"
"Missouri","Maryland Heights"
"Missouri","Ellisville"
"Missouri","Wentzville"
"Missouri","Perryville"
"Missouri","Poplar Bluff"
"Missouri","Saint Charles"
"Missouri","Blue Springs"
"Missouri","Raytown"
"Missouri","Columbia"
"Missouri","Saint Robert"
"Montana","Deer Lodge"
"Montana","Glasgow"
"Montana","Lewistown"
"Montana","Great Falls"
"Montana","Sidney"
"Montana","Harlowton"
"Montana","Lolo"
"Montana","Libby"
"Montana","Clancy"
"Montana","Billings"
"Montana","Missoula"
"Montana","Wolf Point"
"Montana","Malta"
"Montana","Bozeman"
"Montana","Belgrade"
"Montana","Butte"
"Montana","Wibaux"
"Montana","Stevensville"
"Montana","Big Sky"
"Montana","Miles City"
"Montana","Hamilton"
"Montana","Helena"
"Montana","Philipsburg"
"Montana","Belt"
"Montana","Bonner"
"Montana","Livingston"
"Montana","White Sulphur Springs"
"Montana","Black Eagle"
"Montana","Red Lodge"
"Montana","Eureka"
"Montana","Havre"
"Montana","Columbia Falls"
"Montana","Cut Bank"
"Montana","Anaconda"
"Montana","Lakeside"
"Montana","Polson"
"Montana","Bigfork"
"Montana","Glendive"
"Montana","Dillon"
"Montana","Sheridan"
"Montana","Kalispell"
"Montana","Laurel"
"Montana","Whitefish"
"Nebraska","Columbus"
"Nebraska","Hastings"
"Nebraska","Imperial"
"Nebraska","La Vista"
"Nebraska","Taylor"
"Nebraska","Pawnee City"
"Nebraska","Alliance"
"Nebraska","Valentine"
"Nebraska","Scottsbluff"
"Nebraska","LaVista"
"Nebraska","Omaha"
"Nebraska","Holdrege"
"Nebraska","Ohiowa"
"Nebraska","Lincoln"
"Nebraska","North Platte"
"Nebraska","Ord"
"Nebraska","Wayne"
"Nebraska","Papillion"
"Nebraska","Springfield"
"Nebraska","Norfolk"
"Nebraska","Mc Cook"
"Nebraska","Grand Island"
"Nebraska","Seward"
"Nebraska","Fairfield"
"Nebraska","Plattsmouth"
"Nebraska","Broken Bow"
"Nebraska","Kearney"
"Nebraska","Atkinson"
"Nebraska","Elkhorn"
"Nevada","Incline Village"
"Nevada","Carson City"
"Nevada","Henderson"
"Nevada","Boulder City"
"Nevada","Las Vegas"
"Nevada","Laughlin"
"Nevada","Sparks"
"Nevada","Tonopah"
"Nevada","Elko"
"Nevada","Wells"
"Nevada","Virginia City"
"Nevada","Reno"
"New Hampshire","Conway"
"New Hampshire","Bristol"
"New Hampshire","Troy"
"New Hampshire","Hooksett"
"New Hampshire","North Conway"
"New Hampshire","Epsom"
"New Hampshire","Canterbury"
"New Hampshire","Winchester"
"New Hampshire","Newington"
"New Hampshire","Manchester"
"New Hampshire","Merrimack"
"New Hampshire","Richmond"
"New Hampshire","Londonderry"
"New Hampshire","Holderness"
"New Hampshire","Croydon"
"New Hampshire","Nashua"
"New Hampshire","Exeter"
"New Hampshire","Salem"
"New Hampshire","Langdon"
"New Hampshire","Alstead"
"New Hampshire","West Ossipee"
"New Hampshire","Newmarket"
"New Hampshire","Lincoln"
"New Hampshire","Concord"
"New Hampshire","North Hampton"
"New Hampshire","Portsmouth"
"New Hampshire","Littleton"
"New Hampshire","Derry"
"New Hampshire","Peterborough"
"New Hampshire","Plymouth"
"New Hampshire","New London"
"New Hampshire","North Woodstock"
"New Hampshire","Tilton"
"New Hampshire","Salisbury"
"New Hampshire","Marlborough"
"New Hampshire","Somersworth"
"New Hampshire","Northwood"
"New Hampshire","Hampton"
"New Hampshire","Henniker"
"New Hampshire","Wolfeboro"
"New Hampshire","Bethlehem"
"New Hampshire","Suncook"
"New Hampshire","Keene"
"New Hampshire","Dover"
"New Jersey","Long Valley"
"New Jersey","Chatham"
"New Jersey","Neptune City"
"New Jersey","Hackettstown"
"New Jersey","Woodbridge"
"New Jersey","Haddon Heights"
"New Jersey","Rutherford"
"New Jersey","Forked River"
"New Jersey","Point Pleasant Boro"
"New Jersey","Cream Ridge"
"New Jersey","Hoboken"
"New Jersey","Fairfield"
"New Jersey","Hillsborough"
"New Jersey","Bordentown"
"New Jersey","Belford"
"New Jersey","Pitman"
"New Jersey","Rio Grande"
"New Jersey","Somerdale"
"New Jersey","Williamstown"
"New Jersey","Egg Harbor Township"
"New Jersey","Beach Haven"
"New Jersey","Merchantville"
"New Jersey","Wildwood"
"New Jersey","Kenilworth"
"New Jersey","Voorhees"
"New Jersey","Blairstown"
"New Jersey","Millville"
"New Jersey","Roselle Park"
"New Jersey","Manasquan"
"New Jersey","Red Bank"
"New Jersey","Collingswood"
"New Jersey","Seaside Heights"
"New Jersey","Toms River"
"New Jersey","Medford"
"New Jersey","Flemington"
"New Jersey","Morristown"
"New Jersey","Cape May Court House"
"New Jersey","Hopewell"
"New Jersey","Woodbury"
"New Jersey","Long Branch"
"New Jersey","Keansburg"
"New Jersey","Berlin"
"New Jersey","Edison"
"New Jersey","Ewing"
"New Jersey","Shamong"
"New Jersey","Cherry Hill"
"New Jersey","Atco"
"New Jersey","Burlington"
"New Jersey","Newton"
"New Jersey","Ocean"
"New Jersey","Somers Point"
"New Jersey","Basking Ridge"
"New Jersey","Clarksboro"
"New Jersey","Newark"
"New Jersey","Lafayette"
"New Jersey","Lakewood"
"New Jersey","Southampton"
"New Jersey","Maple Shade"
"New Jersey","Little Ferry"
"New Jersey","Montclair"
"New Jersey","Manahawkin"
"New Jersey","Pompton Lakes"
"New Jersey","North Bergen"
"New Jersey","Pennsauken"
"New Jersey","Galloway"
"New Jersey","Asbury"
"New Jersey","Ocean View"
"New Jersey","Berkeley Heights"
"New Jersey","Marlton"
"New Jersey","Atlantic City"
"New Jersey","Sparta"
"New Jersey","Princeton"
"New Jersey","Mount Holly"
"New Jersey","Hackensack"
"New Jersey","Rahway"
"New Jersey","Colts Neck"
"New Jersey","Ridgefield Park"
"New Jersey","Hammonton"
"New Jersey","Cape May"
"New Jersey","Vineland"
"New Jersey","Tinton Falls"
"New Jersey","Middlesex"
"New Jersey","Little Egg Harbor Twp"
"New Jersey","Whitehouse Station"
"New Jersey","Ocean City"
"New Jersey","Atlantic Highlands"
"New Jersey","Kingston"
"New Jersey","Belmar"
"New Jersey","Butler"
"New Jersey","Pennington"
"New Jersey","Point Pleasant Beach"
"New Jersey","South Orange"
"New Jersey","Milford"
"New Jersey","Asbury Park"
"New Jersey","New Brunswick"
"New Jersey","Bradley Beach"
"New Jersey","West Orange"
"New Jersey","Jersey City"
"New Jersey","Glassboro"
"New Jersey","Oaklyn"
"New Mexico","Bernalillo"
"New Mexico","Red River"
"New Mexico","Rio Rancho"
"New Mexico","Mosquero"
"New Mexico","Raton"
"New Mexico","Las Cruces"
"New Mexico","Moriarty"
"New Mexico","Cimarron"
"New Mexico","Los Ranchos de Albuquerque"
"New Mexico","Angel Fire"
"New Mexico","Santa Fe"
"New Mexico","Albuquerque"
"New Mexico","Aztec"
"New Mexico","Lovington"
"New Mexico","Embudo"
"New Mexico","El Prado"
"New Mexico","Silver City"
"New Mexico","Eagle Nest"
"New Mexico","Ruidoso Downs"
"New Mexico","Portales"
"New Mexico","Grants"
"New Mexico","Artesia"
"New Mexico","Taos"
"New Mexico","Carlsbad"
"New Mexico","Farmington"
"New Mexico","Los Alamos"
"New Mexico","Corrales"
"New Mexico","Cedar Crest"
"New Mexico","Ojo Caliente"
"New Mexico","Truth or Consequences"
"New York","Long Island City"
"New York","Nassau"
"New York","Saranac Lake"
"New York","Wappingers Falls"
"New York","Geneva"
"New York","Brooklyn"
"New York","Dickinson Center"
"New York","North Hoosick"
"New York","Catskill"
"New York","Syracuse"
"New York","Ossining"
"New York","Mattituck"
"New York","Canandaigua"
"New York","Rome"
"New York","Lake Placid"
"New York","Pine Island"
"New York","Chatham"
"New York","Arverne"
"New York","Hector"
"New York","Astoria"
"New York","Eldred"
"New York","Northport"
"New York","Trumansburg"
"New York","Watertown"
"New York","Southampton"
"New York","Cazenovia"
"New York","Glens Falls"
"New York","Ithaca"
"New York","Baldwinsville"
"New York","Brewster"
"New York","Clifton Park"
"New York","Interlaken"
"New York","Williamsville"
"New York","Fort Ann"
"New York","Manlius"
"New York","Hilton"
"New York","Ovid"
"New York","Corning"
"New York","Linwood"
"New York","Centerport"
"New York","East Rochester"
"New York","Phoenicia"
"New York","Tuckahoe"
"New York","Hyde Park"
"New York","Brockport"
"New York","Watkins Glen"
"New York","Mahopac"
"New York","Salem"
"New York","Utica"
"New York","Old Forge"
"New York","Yonkers"
"New York","Westfield"
"New York","Dobbs Ferry"
"New York","Red Hook"
"New York","Holbrook"
"New York","Olean"
"New York","Florida"
"New York","Accord"
"New York","Altamont"
"New York","Middletown"
"New York","Poughkeepsie"
"New York","Saratoga Springs "
"New York","Pearl River"
"New York","Warsaw"
"New York","East Berne"
"New York","Staten Island"
"New York","Hicksville"
"New York","Morrisville"
"New York","Warwick"
"New York","White Plains"
"New York","College Point"
"New York","Phelps"
"New York","Johnson City"
"New York","Malone"
"New York","Lowville"
"New York","Peru"
"New York","Strykersville"
"New York","Mamaroneck"
"New York","Farmington"
"New York","Huntington"
"New York","Hamilton"
"New York","Friendship"
"New York","Amityville"
"New York","Ellicottville"
"New York","Schenectady"
"New York","Schroon Lake"
"New York","Bloomfield"
"New York","Cold Spring"
"New York","Oyster Bay"
"New York","Livingston Manor"
"New York","Gloversville"
"New York","Beacon"
"New York","Millerton"
"New York","Cape Vincent"
"New York","Freeport"
"New York","Sherburne"
"New York","Ticonderoga"
"New York","Oswego"
"New York","Earlton"
"New York","Petersburg"
"New York","Elizaville"
"New York","Dundee"
"New York","Perry"
"New York","Central Valley"
"New York","Albany"
"New York","Hudson"
"New York","Chase Mills"
"New York","Keeseville"
"New York","Clay"
"New York","Himrod"
"New York","Victor"
"New York","Bolton Landing"
"New York","Delmar"
"New York","Queensbury"
"New York","Windham"
"New York","Flushing"
"New York","Wawarsing"
"New York","Auburn"
"New York","Lake George"
"New York","Gardiner"
"New York","Blauvelt"
"New York","Munnsville"
"New York","Akwesasne"
"New York","Sackets Harbor"
"New York","Garnerville"
"New York","Port Jervis"
"New York","Cooperstown"
"New York","New City"
"New York","Middleburgh"
"New York","Penfield"
"New York","Bronx"
"New York","Spencerport"
"New York","Oneonta"
"New York","Weedsport"
"New York","Endicott"
"New York","Amsterdam"
"New York","Clayton"
"New York","Port Jefferson Station"
"New York","Greenwich"
"New York","Dryden"
"New York","Lockport"
"New York","Buffalo"
"New York","Clarence"
"New York","Tupper Lake"
"New York","Peconic"
"New York","Lodi"
"New York","Shelter Island"
"New York","Gouverneur"
"New York","Fort Drum"
"New York","Pittsford"
"New York","Chemung"
"New York","Westport"
"New York","Cortland"
"New York","Westtown"
"New York","Troy"
"New York","Freeville"
"New York","Lansing"
"New York","Ripley"
"New York","Saratoga Springs"
"New York","Oceanside"
"New York","Cheektowaga"
"New York","Hamburg"
"New York","Webster"
"New York","Honeoye Falls"
"New York","New Paltz"
"New York","Rocky Point"
"New York","Wilson"
"New York","Bay Shore"
"New York","Athens"
"New York","Lakewood"
"New York","Garrattsville"
"New York","Manchester"
"New York","Chester"
"New York","Elmsford"
"New York","Jamestown"
"New York","Plattsburgh"
"New York","Newburgh"
"New York","Seneca Falls"
"New York","Ilion"
"New York","Montour Falls"
"New York","King Ferry"
"New York","Port Jefferson"
"New York","Canastota"
"New York","Marietta"
"New York","Olivebridge"
"New York","Penn Yan"
"New York","Davenport"
"New York","Cherry Valley"
"New York","Ridgewood"
"New York","Farmingdale"
"New York","Mechanicville"
"New York","Fairport"
"New York","Lewiston"
"New York","Holland Patent"
"New York","Montauk"
"New York","New York"
"New York","East Aurora"
"New York","Burdett"
"New York","Jamesville"
"New York","Chester "
"New York","Glen Cove"
"New York","Howes Cave"
"New York","Roscoe"
"New York","Rensselaerville"
"New York","Troupsburg"
"New York","Greenville"
"New York","Highland"
"New York","Medina"
"New York","Elmira"
"New York","Hornell"
"New York","West Kill"
"New York","Cohoes"
"New York","North Syracuse"
"New York","Port Crane"
"New York","Fabius"
"New York","Queens"
"New York","West Islip"
"New York","Kingston"
"New York","Batavia"
"New York","Riverhead"
"New York","Binghamton"
"New York","Mayville"
"New York","Rochester"
"New York","Groton"
"New York","Tarrytown"
"New York","Warners"
"New York","Peekskill"
"New York","Moriah"
"New York","South Glens Falls"
"New York","Ballston Lake"
"New York","Center Moriches"
"New York","West Park"
"New York","Owego"
"New York","Hammondsport"
"New York","Patchogue"
"New York","Point Lookout"
"North Carolina","Morehead City"
"North Carolina","Charlotte"
"North Carolina","Carrboro"
"North Carolina","Jamestown"
"North Carolina","Rocky Mount"
"North Carolina","Graham"
"North Carolina","Belmont"
"North Carolina","Matthews"
"North Carolina","Mount Airy"
"North Carolina","Spruce Pine"
"North Carolina","Lewisville"
"North Carolina","Chapel Hill"
"North Carolina","Seagrove"
"North Carolina","Banner Elk"
"North Carolina","Fuquay Varina"
"North Carolina","Rutherfordton"
"North Carolina","Kernersville"
"North Carolina","Andrews"
"North Carolina","Greensboro"
"North Carolina","Aberdeen"
"North Carolina","Pisgah Forest"
"North Carolina","Sanford"
"North Carolina","Farmville"
"North Carolina","Southport"
"North Carolina","Beech Mountain"
"North Carolina","Blowing Rock"
"North Carolina","Shallotte"
"North Carolina","Murphy"
"North Carolina","New Bern"
"North Carolina","Newport"
"North Carolina","Smithfield"
"North Carolina","Saxapahaw"
"North Carolina","Tarboro"
"North Carolina","Hayesville"
"North Carolina","Elizabeth City"
"North Carolina","Weaverville"
"North Carolina","Indian Trail"
"North Carolina","Lexington"
"North Carolina","Asheville"
"North Carolina","Pinehurst"
"North Carolina","Bear Creek"
"North Carolina","Kill Devil Hills"
"North Carolina","Franklin"
"North Carolina","Raleigh"
"North Carolina","Ocean Isle Beach"
"North Carolina","Boone"
"North Carolina","Lansing"
"North Carolina","Cornelius"
"North Carolina","Candler"
"North Carolina","Oriental"
"North Carolina","Mills River"
"North Carolina","Waxhaw"
"North Carolina","Gastonia"
"North Carolina","Dallas"
"North Carolina","Mint Hill"
"North Carolina","Roxboro"
"North Carolina","Winston Salem"
"North Carolina","Arden"
"North Carolina","Waynesville"
"North Carolina","Surf City"
"North Carolina","Black Mountain"
"North Carolina","Oxford"
"North Carolina","Shelby"
"North Carolina","Hendersonville"
"North Carolina","Hope Mills"
"North Carolina","Tryon"
"North Carolina","Sapphire"
"North Carolina","Holly Springs"
"North Carolina","Whitsett"
"North Carolina","High Point"
"North Carolina","Granite Falls"
"North Carolina","Clayton"
"North Carolina","Ocracoke"
"North Carolina","Salisbury"
"North Carolina","Maggie Valley"
"North Carolina","Hillsborough"
"North Carolina","Fletcher"
"North Carolina","Clemmons"
"North Carolina","Beaufort"
"North Carolina","Nebo"
"North Carolina","Trenton"
"North Carolina","Manteo"
"North Carolina","Huntersville"
"North Carolina","Fairview"
"North Carolina","Highlands"
"North Carolina","Mooresville"
"North Carolina","Mebane"
"North Carolina","Wilmington"
"North Carolina","Hickory"
"North Carolina","Youngsville"
"North Carolina","Davidson"
"North Carolina","Kinston"
"North Carolina","Lenoir"
"North Carolina","Wake Forest"
"North Carolina","Brevard"
"North Carolina","Winston-Salem"
"North Carolina","Gold Hill"
"North Carolina","Bryson City"
"North Carolina","Burnsville"
"North Carolina","Pineville"
"North Carolina","Durham"
"North Carolina","Apex"
"North Carolina","Flat Rock"
"North Carolina","Marshall"
"North Carolina","Asheboro"
"North Carolina","Elkin"
"North Carolina","Woodfin"
"North Carolina","Fayetteville"
"North Carolina","Valdese"
"North Carolina","Greenville"
"North Carolina","Sylva"
"North Carolina","Reidsville"
"North Carolina","Marion"
"North Carolina","Southern Pines"
"North Carolina","Wilson"
"North Carolina","Corolla"
"North Carolina","Angier"
"North Carolina","Grandy"
"North Carolina","Cary"
"North Carolina","West Jefferson"
"North Carolina","Carolina Beach"
"North Carolina","Lake Lure"
"North Carolina","Ahoskie"
"North Carolina","Canton"
"North Carolina","Plumtree"
"North Carolina","Morganton"
"North Carolina","Concord"
"North Carolina","Lincolnton"
"North Carolina","Pisgah Forest "
"North Carolina","Monroe"
"North Carolina","Pittsboro"
"North Dakota","Grand Forks"
"North Dakota","Mandan"
"North Dakota","Watford City"
"North Dakota","Mapleton"
"North Dakota","Bismarck"
"North Dakota","Fargo"
"North Dakota","West Fargo"
"North Dakota","Bismark"
"North Dakota","McKenzie"
"North Dakota","Minot"
"Ohio","Dayton"
"Ohio","Middle Bass Island"
"Ohio","Springfield"
"Ohio","Gahanna"
"Ohio","Morrow"
"Ohio","Xenia"
"Ohio","Upper Arlington"
"Ohio","Versailles"
"Ohio","Bryan"
"Ohio","Millersburg"
"Ohio","Ashland"
"Ohio","Cleveland Heights"
"Ohio","Belle Center"
"Ohio","Marysville"
"Ohio","Fairfield"
"Ohio","Delaware"
"Ohio","Bethel"
"Ohio","Sunbury"
"Ohio","Rayland"
"Ohio","Marion"
"Ohio","Hartville"
"Ohio","Canton"
"Ohio","Cleveland"
"Ohio","Beavercreek"
"Ohio","Lorain"
"Ohio","Cadiz"
"Ohio","Whitehall"
"Ohio","Bolivar"
"Ohio","Catawba Island"
"Ohio","Cambridge"
"Ohio","Huntsville"
"Ohio","Medina"
"Ohio","Mount Orab"
"Ohio","Middleburg Heights"
"Ohio","Mentor"
"Ohio","Oxford"
"Ohio","Austintown"
"Ohio","Powell"
"Ohio","Miamisburg"
"Ohio","Toledo"
"Ohio","middleburg hts"
"Ohio","Centerville"
"Ohio","Hicksville"
"Ohio","Canal Winchester"
"Ohio","Findlay"
"Ohio","Carroll"
"Ohio","Port Clinton"
"Ohio","Bowling Green"
"Ohio","Kent"
"Ohio","Mount Victory"
"Ohio","Tiffin"
"Ohio","Newark"
"Ohio","West Chester"
"Ohio","Newbury"
"Ohio","Bloomingdale"
"Ohio","Wauseon"
"Ohio","Defiance"
"Ohio","Marietta"
"Ohio","Hinckley"
"Ohio","Columbiana"
"Ohio","Columbus"
"Ohio","Westlake"
"Ohio","Chagrin Falls"
"Ohio","Williamsburg"
"Ohio","New Bremen"
"Ohio","Holland"
"Ohio","Bellefontaine"
"Ohio","Loveland"
"Ohio","Solon"
"Ohio","New Madison"
"Ohio","West Chester "
"Ohio","Nelsonville"
"Ohio","Marengo"
"Ohio","Nevada"
"Ohio","Granville"
"Ohio","Hamilton"
"Ohio","Westerville"
"Ohio","Mansfield"
"Ohio","Strongsville"
"Ohio","Coshocton"
"Ohio","Maumee"
"Ohio","Fresno"
"Ohio","Portsmouth"
"Ohio","Chardon"
"Ohio","Jackson"
"Ohio","Wilmington"
"Ohio","Cincinnati"
"Ohio","Mason"
"Ohio","Dublin"
"Ohio","Zanesville"
"Ohio","North Olmsted"
"Ohio","Cuyahoga Falls"
"Ohio","Wadsworth"
"Ohio","Willoughby"
"Ohio","Celina"
"Ohio","Athens"
"Ohio","Springboro"
"Ohio","Monroe"
"Ohio","Grand Rapids"
"Ohio","Warren"
"Ohio","Grove City"
"Ohio","Wooster"
"Ohio","Pickerington"
"Ohio","Madison"
"Ohio","Lisbon"
"Ohio","Sylvania"
"Ohio","Pomeroy"
"Ohio","Trenton"
"Ohio","Milford"
"Ohio","Mount Vernon"
"Ohio","Blue Ash"
"Ohio","Sherrodsville"
"Ohio","Napoleon"
"Ohio","Heath"
"Ohio","Youngstown"
"Ohio","Huber Heights"
"Ohio","Hudson"
"Ohio","Maria Stein"
"Ohio","Hilliard"
"Ohio","North Canton"
"Ohio","Minerva"
"Ohio","Lancaster"
"Ohio","Vandalia"
"Ohio","Berea"
"Ohio","Miami County"
"Ohio","Sandusky"
"Ohio","Avon"
"Ohio","Barberton"
"Ohio","Waynesville"
"Ohio","Rocky River"
"Ohio","Lakewood"
"Ohio","Put In Bay"
"Ohio","Buckeye Lake"
"Ohio","Yellow Springs"
"Ohio","Lake Milton"
"Ohio","Logan"
"Ohio","Medway"
"Ohio","Middletown"
"Ohio","Geneva"
"Ohio","Sugar Grove"
"Ohio","Stow"
"Ohio","Akron"
"Ohio","Maineville"
"Ohio","Coldwater"
"Ohio","Bidwell"
"Ohio","Lockland"
"Ohio","Elyria"
"Ohio","Massillon"
"Ohio","Brunswick"
"Oklahoma","Pryor"
"Oklahoma","Bartlesville"
"Oklahoma","Ponca City"
"Oklahoma","Tulsa"
"Oklahoma","Broken Arrow"
"Oklahoma","Mead"
"Oklahoma","Caddo"
"Oklahoma","Broken Bow"
"Oklahoma","Norman"
"Oklahoma","Oklahoma City"
"Oklahoma","Krebs"
"Oklahoma","Stillwater"
"Oklahoma","Moore"
"Oklahoma","El Reno"
"Oklahoma","Edmond"
"Oregon","Reedsport"
"Oregon","Yachats"
"Oregon","Estacada"
"Oregon","Roseburg"
"Oregon","Grants Pass"
"Oregon","Lake Oswego"
"Oregon","Bandon"
"Oregon","Philomath"
"Oregon","Newport"
"Oregon","Gresham"
"Oregon","Ontario"
"Oregon","Hillsboro"
"Oregon","Brookings"
"Oregon","Corvallis"
"Oregon","Sandy"
"Oregon","Klamath Falls"
"Oregon","Boardman"
"Oregon","Beaverton"
"Oregon","Saint Helens"
"Oregon","Burns"
"Oregon","Milwaukie"
"Oregon","John Day"
"Oregon","Prineville"
"Oregon","Salem"
"Oregon","Wilsonville"
"Oregon","Dundee"
"Oregon","Sisters"
"Oregon","Oregon City"
"Oregon","Tillamook"
"Oregon","Tualatin"
"Oregon","Newberg"
"Oregon","Winston"
"Oregon","Government Camp"
"Oregon","Enterprise"
"Oregon","Coos Bay"
"Oregon","Lincoln City"
"Oregon","Troutdale"
"Oregon","Silverton"
"Oregon","Clackamas"
"Oregon","Oakridge"
"Oregon","Tigard"
"Oregon","Baker City"
"Oregon","Seal Rock"
"Oregon","Pendleton"
"Oregon","Hood River"
"Oregon","Bend"
"Oregon","Cave Junction"
"Oregon","Milton Freewater"
"Oregon","Independence"
"Oregon","Williams"
"Oregon","The Dalles"
"Oregon","Mount Hood Parkdale"
"Oregon","Boring"
"Oregon","McMinnville"
"Oregon","Gold Beach"
"Oregon","Sunriver"
"Oregon","Alsea"
"Oregon","Lebanon"
"Oregon","Harbor"
"Oregon","Hermiston"
"Oregon","Astoria"
"Oregon","Sherwood"
"Oregon","Portland"
"Oregon","Florence"
"Oregon","Albany"
"Oregon","Banks"
"Oregon","Cascade Locks"
"Oregon","Seaside"
"Oregon","West Linn"
"Oregon","Terrebonne"
"Oregon","Medford"
"Oregon","Redmond"
"Oregon","Cannon Beach"
"Oregon","Ashland"
"Oregon","Pacific City"
"Oregon","Forest Grove"
"Oregon","Carlton"
"Oregon","Eugene"
"Oregon","Springfield"
"Pennsylvania","Tannersville"
"Pennsylvania","Malvern"
"Pennsylvania","Glen Mills"
"Pennsylvania","York"
"Pennsylvania","Conyngham"
"Pennsylvania","North Wales"
"Pennsylvania","Greensburg"
"Pennsylvania","State College"
"Pennsylvania","Millerstown"
"Pennsylvania","Enola"
"Pennsylvania","Bedford"
"Pennsylvania","Wyalusing"
"Pennsylvania","Edinburg"
"Pennsylvania","Kennett Square"
"Pennsylvania","Hanover"
"Pennsylvania","Zelienople"
"Pennsylvania","Easton"
"Pennsylvania","Smithton"
"Pennsylvania","Pipersville"
"Pennsylvania","Pottsville"
"Pennsylvania","Breinigsville"
"Pennsylvania","West Reading"
"Pennsylvania","Landenberg"
"Pennsylvania","New Castle"
"Pennsylvania","Millheim"
"Pennsylvania","Sarver"
"Pennsylvania","Chambersburg"
"Pennsylvania","Lititz"
"Pennsylvania","Huntingdon Valley"
"Pennsylvania","Buckingham"
"Pennsylvania","Hatboro"
"Pennsylvania","Burgettstown"
"Pennsylvania","Harleysville"
"Pennsylvania","Tunkhannock"
"Pennsylvania","Bryn Mawr"
"Pennsylvania","Grove City"
"Pennsylvania","York Haven"
"Pennsylvania","Nazareth"
"Pennsylvania","Conshohocken"
"Pennsylvania","Collegeville"
"Pennsylvania","Stevens"
"Pennsylvania","Erie"
"Pennsylvania","Venango"
"Pennsylvania","Harmony"
"Pennsylvania","Jamestown"
"Pennsylvania","New Brighton"
"Pennsylvania","Bradford"
"Pennsylvania","West Newton"
"Pennsylvania","Dillsburg"
"Pennsylvania","Mechanicsburg"
"Pennsylvania","Renfrew"
"Pennsylvania","West Chester"
"Pennsylvania","East Petersburg"
"Pennsylvania","Sayre"
"Pennsylvania","New Freedom"
"Pennsylvania","Royersford"
"Pennsylvania","Yardley"
"Pennsylvania","Hermitage"
"Pennsylvania","Titusville"
"Pennsylvania","Newport"
"Pennsylvania","Pittston"
"Pennsylvania","Berwyn"
"Pennsylvania","Lansdale"
"Pennsylvania","Honesdale"
"Pennsylvania","Tamaqua"
"Pennsylvania","Duncannon"
"Pennsylvania","Du Bois"
"Pennsylvania","Shawnee on Delaware"
"Pennsylvania","Slippery Rock"
"Pennsylvania","Levittown"
"Pennsylvania","Butler"
"Pennsylvania","Carlisle"
"Pennsylvania","Pocono Pines"
"Pennsylvania","Doylestown"
"Pennsylvania","Irwin"
"Pennsylvania","Vandergrift"
"Pennsylvania","Lancaster"
"Pennsylvania","Saint Marys"
"Pennsylvania","Montrose"
"Pennsylvania","Ebensburg"
"Pennsylvania","Sharon"
"Pennsylvania","Delmont"
"Pennsylvania","Hellertown"
"Pennsylvania","Newfoundland"
"Pennsylvania","Downingtown"
"Pennsylvania","North Versailles"
"Pennsylvania","Carbondale"
"Pennsylvania","Swiftwater"
"Pennsylvania","Mount Joy"
"Pennsylvania","Catasauqua"
"Pennsylvania","Douglassville"
"Pennsylvania","Coraopolis"
"Pennsylvania","Export"
"Pennsylvania","Aston"
"Pennsylvania","Lebanon"
"Pennsylvania","Mars"
"Pennsylvania","Latrobe"
"Pennsylvania","Ambler"
"Pennsylvania","Bristol"
"Pennsylvania","Berwick"
"Pennsylvania","Bala Cynwyd"
"Pennsylvania","Telford"
"Pennsylvania","Hatfield"
"Pennsylvania","Canonsburg"
"Pennsylvania","Perkasie"
"Pennsylvania","Bloomsburg"
"Pennsylvania","Elizabethtown"
"Pennsylvania","Wexford"
"Pennsylvania","Camp Hill"
"Pennsylvania","Phoenixville"
"Pennsylvania","Philadelphia"
"Pennsylvania","Williamsport"
"Pennsylvania","Berlin"
"Pennsylvania","New Hope"
"Pennsylvania","Boyertown"
"Pennsylvania","Media"
"Pennsylvania","Schwenksville"
"Pennsylvania","Spring Grove"
"Pennsylvania","Parkesburg"
"Pennsylvania","Emmaus"
"Pennsylvania","Altoona"
"Pennsylvania","Pulaski"
"Pennsylvania","Abbottstown"
"Pennsylvania","Annville"
"Pennsylvania","Bangor"
"Pennsylvania","Bird In Hand"
"Pennsylvania","Dallas"
"Pennsylvania","Biglerville"
"Pennsylvania","Quakertown"
"Pennsylvania","Kutztown"
"Pennsylvania","Washington"
"Pennsylvania","Conneaut Lake"
"Pennsylvania","Greenville"
"Pennsylvania","Coatesville"
"Pennsylvania","Reading"
"Pennsylvania","Manheim"
"Pennsylvania","Hawley"
"Pennsylvania","Braddock"
"Pennsylvania","Shamokin"
"Pennsylvania","Dallastown"
"Pennsylvania","GIBSONIA"
"Pennsylvania","Mount Pleasant"
"Pennsylvania","Pottstown"
"Pennsylvania","Columbia"
"Pennsylvania","Croydon"
"Pennsylvania","Castle Shannon"
"Pennsylvania","Bridgeport"
"Pennsylvania","Beaver Falls"
"Pennsylvania","Indiana"
"Pennsylvania","Allentown"
"Pennsylvania","New Kensington"
"Pennsylvania","Duncansville"
"Pennsylvania","Lewistown"
"Pennsylvania","Rochester"
"Pennsylvania","Gettysburg"
"Pennsylvania","Peckville"
"Pennsylvania","Bethlehem"
"Pennsylvania","Monroeville"
"Pennsylvania","Bellefonte"
"Pennsylvania","Hickory"
"Pennsylvania","Gibsonia"
"Pennsylvania","Mercer"
"Pennsylvania","Spring City"
"Pennsylvania","Pittsburgh"
"Pennsylvania","Clarion"
"Pennsylvania","Mansfield"
"Pennsylvania","Mc Kees Rocks"
"Pennsylvania","Uniontown"
"Pennsylvania","Marietta"
"Pennsylvania","Homestead"
"Pennsylvania","Chalfont"
"Pennsylvania","Hershey"
"Pennsylvania","Champion"
"Pennsylvania","Oakdale"
"Pennsylvania","Ardmore"
"Pennsylvania","Oakmont"
"Pennsylvania","Palmyra"
"Pennsylvania","North East"
"Pennsylvania","Fawn Grove"
"Pennsylvania","Meadville"
"Pennsylvania","Moscow"
"Pennsylvania","Wilkes Barre"
"Pennsylvania","Springdale"
"Pennsylvania","Duquesne"
"Pennsylvania","Harrisburg"
"Pennsylvania","Mifflinburg"
"Pennsylvania","Morrisville"
"Pennsylvania","Oxford"
"Pennsylvania","Ephrata"
"Pennsylvania","Middletown"
"Pennsylvania","Adamstown"
"Pennsylvania","Sunbury"
"Pennsylvania","Howard"
"Pennsylvania","Heidelberg"
"Pennsylvania","Clearfield"
"Pennsylvania","Selinsgrove"
"Pennsylvania","Danville"
"Pennsylvania","Lander"
"Pennsylvania","New Stanton"
"Pennsylvania","Swarthmore"
"Rhode Island","Providence"
"Rhode Island","Wakefield"
"Rhode Island","Block Island"
"Rhode Island","Warwick"
"Rhode Island","Portsmouth "
"Rhode Island","Cranston"
"Rhode Island","Westerly"
"Rhode Island","Middletown"
"Rhode Island","East Greenwich"
"Rhode Island","West Kingston"
"Rhode Island","Exeter"
"Rhode Island","Newport"
"Rhode Island","Pawtucket"
"Rhode Island","Woonsocket"
"South Carolina","Rock Hill"
"South Carolina","Summerville"
"South Carolina","North Charleston"
"South Carolina","Hilton Head Island"
"South Carolina","Columbia"
"South Carolina","Anderson"
"South Carolina","Johns Island"
"South Carolina","Lancaster"
"South Carolina","North Augusta"
"South Carolina","Greenville"
"South Carolina","Taylors"
"South Carolina","Lexington"
"South Carolina","Greenwood"
"South Carolina","Salem"
"South Carolina","Bluffton"
"South Carolina","Florence"
"South Carolina","Simpsonville"
"South Carolina","Greer"
"South Carolina","Aiken"
"South Carolina","Boiling Springs"
"South Carolina","Fort Mill"
"South Carolina","Mount Pleasant"
"South Carolina","Pawleys Island"
"South Carolina","Ridgeland"
"South Carolina","Charleston"
"South Carolina","Travelers Rest"
"South Carolina","Spartanburg"
"South Carolina","Cayce"
"South Carolina","Myrtle Beach"
"South Carolina","Indian Land"
"South Dakota","Brookings"
"South Dakota","Spearfish"
"South Dakota","Hartford"
"South Dakota","Brandon"
"South Dakota","Custer"
"South Dakota","Sturgis"
"South Dakota","Aberdeen"
"South Dakota","Sioux Falls"
"South Dakota","Piedmont"
"South Dakota","Watertown"
"South Dakota","Humboldt"
"South Dakota","Hill City"
"South Dakota","Rapid City"
"South Dakota","Hot Springs"
"South Dakota","Lead"
"Tennessee","Nolensville"
"Tennessee","Chattanooga"
"Tennessee","Knoxville"
"Tennessee","Johnson City"
"Tennessee","Red Bank"
"Tennessee","Norris"
"Tennessee","Cottontown"
"Tennessee","Jonesborough"
"Tennessee","Dayton"
"Tennessee","Tullahoma"
"Tennessee","Townsend"
"Tennessee","Kingsport"
"Tennessee","Maryville"
"Tennessee","Bristol"
"Tennessee","Rossville"
"Tennessee","Cookeville"
"Tennessee","Pigeon Forge"
"Tennessee","Hermitage"
"Tennessee","Spring Hill"
"Tennessee","Christiana"
"Tennessee","Smithville"
"Tennessee","Murfreesboro"
"Tennessee","Sparta"
"Tennessee","Alcoa"
"Tennessee","Collierville"
"Tennessee","Nashville"
"Tennessee","Cordova"
"Tennessee","Paris"
"Tennessee","Memphis"
"Tennessee","Manchester"
"Tennessee","Hendersonville"
"Tennessee","Lancing"
"Tennessee","Clarksville"
"Tennessee","Gatlinburg"
"Tennessee","Franklin"
"Tennessee","Columbia"
"Texas","Boerne"
"Texas","Canutillo"
"Texas","Arlington"
"Texas","Big Spring"
"Texas","Brookshire"
"Texas","Lockhart"
"Texas","Magnolia"
"Texas","Johnson City"
"Texas","El Paso"
"Texas","Washington"
"Texas","Aound Rock"
"Texas","Lovelady"
"Texas","Weslaco"
"Texas","Cypress"
"Texas","Sulphur Springs"
"Texas","Adkins"
"Texas","San Saba"
"Texas","Midlothian"
"Texas","Seven Points"
"Texas","Conroe"
"Texas","Garland"
"Texas","Montgomery"
"Texas","Granger"
"Texas","Rowlett"
"Texas","Justin"
"Texas","Roanoke"
"Texas","Bryan"
"Texas","Greenville"
"Texas","Abilene"
"Texas","Richmond"
"Texas","Dickinson"
"Texas","Grapevine"
"Texas","Waco"
"Texas","Richardson"
"Texas","Houston"
"Texas","Nacogdoches"
"Texas","Buda"
"Texas","Fulshear"
"Texas","Tomball"
"Texas","Lewisville"
"Texas","San Antonio"
"Texas","Plano"
"Texas","Liberty Hill"
"Texas","Odessa"
"Texas","Fort Worth"
"Texas","Spring Branch"
"Texas","Sherman"
"Texas","Wichita Falls"
"Texas","Blanco"
"Texas","Bandera"
"Texas","Pharr"
"Texas","Keller"
"Texas","Pittsburg"
"Texas","Wimberley"
"Texas","College Station"
"Texas","New Braunfels"
"Texas","Denton"
"Texas","Waxahachie"
"Texas","Shiner"
"Texas","Brenham"
"Texas","Mathis"
"Texas","Aransas Pass"
"Texas","Denison"
"Texas","Corpus Christi"
"Texas","Port Lavaca"
"Texas","Irving"
"Texas","Canyon Lake"
"Texas","Bellville"
"Texas","Seguin"
"Texas","Porter"
"Texas","Temple"
"Texas","The Woodlands"
"Texas","Goliad"
"Texas","Kerrville"
"Texas","Lufkin"
"Texas","Dripping Springs"
"Texas","Marble Falls"
"Texas","Marathon"
"Texas","Longview"
"Texas","Georgetown"
"Texas","Mcallen"
"Texas","Dallas"
"Texas","Tyler"
"Texas","Pearland"
"Texas","Royse City"
"Texas","Addison"
"Texas","Leander"
"Texas","Alpine"
"Texas","Winnsboro"
"Texas","Bertram"
"Texas","Galveston"
"Texas","Alvin"
"Texas","Austin"
"Texas","Farmers Branch"
"Texas","Cedar Park"
"Texas","Webster"
"Texas","Katy"
"Texas","Amarillo"
"Texas","Bulverde"
"Texas","McKinney"
"Texas","Port Neches"
"Texas","Allen"
"Texas","San Marcos"
"Texas","Pasadena"
"Texas","Spicewood"
"Texas","Fredericksburg"
"Texas","Wylie"
"Texas","Lubbock"
"Texas","Rowena"
"Texas","Mission"
"Texas","Taylor"
"Texas","del Valle"
"Texas","Rockwall"
"Texas","Round Rock"
"Texas","Eola"
"Texas","Frisco"
"Texas","Bedford"
"Texas","Athens"
"Texas","Mansfield"
"Texas","Rio Grande City"
"Texas","Granbury"
"Texas","South Padre Island"
"Texas","Salado"
"Texas","Missouri City"
"Texas","Midland"
"Texas","Cisco"
"Texas","San Angelo"
"Texas","Driftwood"
"Texas","Humble"
"Utah","Moab"
"Utah","Park City"
"Utah","Ogden"
"Utah","Springdale"
"Utah","Sandy"
"Utah","Layton"
"Utah","Saint George"
"Utah","Salt Lake City"
"Utah","salt lake city"
"Utah","Midvale"
"Utah","Springville"
"Utah","Vernal"
"Utah","Cedar City"
"Utah","Helper"
"Utah","Tooele"
"Vermont","Danville"
"Vermont","Hyde Park"
"Vermont","South Burlington"
"Vermont","Westford"
"Vermont","Chelsea"
"Vermont","Burlington"
"Vermont","Newport"
"Vermont","Brandon"
"Vermont","Springfield"
"Vermont","White River Junction"
"Vermont","Warren"
"Vermont","Waterbury"
"Vermont","Essex Junction"
"Vermont","Richmond"
"Vermont","Northfield"
"Vermont","West Burke"
"Vermont","Saint Albans City"
"Vermont","Bristol"
"Vermont","Stowe"
"Vermont","Randolph"
"Vermont","Greensboro Bend"
"Vermont","Proctorsville"
"Vermont","Bennington"
"Vermont","Shelburne"
"Vermont","Morrisville"
"Vermont","Jacksonville"
"Vermont","Waterbury Center"
"Vermont","Hinesburg"
"Vermont","Windsor"
"Vermont","Weston"
"Vermont","Rutland"
"Vermont","Barre"
"Vermont","Williston"
"Vermont","Saint Johnsbury"
"Vermont","Winooski"
"Vermont","Brattleboro"
"Vermont","Marlboro"
"Vermont","Norwich"
"Vermont","Jeffersonville"
"Vermont","Saint Albans"
"Vermont","Arlington"
"Vermont","Bridgewater Corners"
"Vermont","Middlebury"
"Virginia","Aldie"
"Virginia","Bristol"
"Virginia","Hampton"
"Virginia","Lexington"
"Virginia","Clifton Forge"
"Virginia","Crozet"
"Virginia","Galax"
"Virginia","Chesapeake"
"Virginia","Alexandria"
"Virginia","Manquin"
"Virginia","Salem"
"Virginia","Spotsylvania"
"Virginia","Roseland"
"Virginia","Bluemont"
"Virginia","Midlothian"
"Virginia","Roanoke"
"Virginia","Ashburn"
"Virginia","Amherst"
"Virginia","Fairlawn"
"Virginia","Williamsburg"
"Virginia","Rockville"
"Virginia","Lake Ridge"
"Virginia","Warrenton"
"Virginia","Floyd"
"Virginia","Afton"
"Virginia","Glen Allen"
"Virginia","Charlottesville"
"Virginia","Waynesboro"
"Virginia","Gloucester"
"Virginia","Sterling"
"Virginia","Lorton"
"Virginia","Cape Charles"
"Virginia","Strasburg"
"Virginia","Daleville"
"Virginia","Portsmouth"
"Virginia","Petersburg"
"Virginia","Lovingston"
"Virginia","Norfolk"
"Virginia","Front Royal"
"Virginia","Appomattox"
"Virginia","Woodbridge"
"Virginia","Luray"
"Virginia","Harrisonburg"
"Virginia","Louisa"
"Virginia","Broad Run"
"Virginia","Damascus"
"Virginia","Staunton"
"Virginia","Nokesville"
"Virginia","Ashland"
"Virginia","Elkton"
"Virginia","Poquoson"
"Virginia","Virginia Beach"
"Virginia","Suffolk"
"Virginia","Smithfield"
"Virginia","Montross"
"Virginia","Radford"
"Virginia","Powhatan"
"Virginia","Chincoteague"
"Virginia","Chantilly"
"Virginia","Boones Mill"
"Virginia","Fredericksburg"
"Virginia","Henrico "
"Virginia","Bedford"
"Virginia","Edinburg"
"Virginia","Abingdon"
"Virginia","Herndon"
"Virginia","Arlington"
"Virginia","Fairfax"
"Virginia","Stafford"
"Virginia","Blacksburg"
"Virginia","Culpeper"
"Virginia","Delaplane"
"Virginia","Troutville"
"Virginia","Gainesville"
"Virginia","Richmond"
"Virginia","Brandy Station"
"Virginia","Centreville"
"Virginia","Newport News"
"Virginia","Hardy"
"Virginia","Lansdowne"
"Virginia","Scottsville"
"Virginia","Danville"
"Virginia","Marion"
"Virginia","Sperryville"
"Virginia","Falls Church"
"Virginia","Middleburg"
"Virginia","Round Hill"
"Virginia","Dulles"
"Virginia","Reston"
"Virginia","Winchester"
"Virginia","Purcellville"
"Virginia","Nellysford"
"Virginia","King George"
"Virginia","Middletown"
"Virginia","Fort Monroe"
"Virginia","Mc Lean"
"Virginia","Madison"
"Virginia","Mineral"
"Virginia","Brookneal"
"Virginia","Leesburg"
"Virginia","Callaway"
"Virginia","Vienna"
"Virginia","Vinton"
"Virginia","Woodstock"
"Virginia","Manassas"
"Virginia","Axton"
"Virginia","Lebanon"
"Virginia","Saint Paul"
"Virginia","Goodview"
"Virginia","Arrington"
"Virginia","Natural Bridge"
"Virginia","Narrows"
"Virginia","Forest"
"Virginia","Goochland"
"Washington","Odessa"
"Washington","Oak Harbor"
"Washington","Fox Island"
"Washington","Castle Rock"
"Washington","Winthrop"
"Washington","Arlington"
"Washington","Tumwater"
"Washington","Burlington"
"Washington","Snohomish"
"Washington","Seattle"
"Washington","Moses Lake"
"Washington","Enumclaw"
"Washington","Yakima"
"Washington","Buckley"
"Washington","Raymond"
"Washington","Cashmere"
"Washington","Bothell"
"Washington","Richland"
"Washington","Sammamish"
"Washington","Woodinville"
"Washington","Tenino"
"Washington","Darrington"
"Washington","Graham"
"Washington","Liberty Lake"
"Washington","Kent"
"Washington","Sunnyside"
"Washington","Dupont"
"Washington","Cle Elum"
"Washington","Shoreline"
"Washington","Vancouver"
"Washington","Anacortes"
"Washington","Shelton"
"Washington","Silverdale"
"Washington","Pacific"
"Washington","Mountlake Terrace"
"Washington","Friday Harbor"
"Washington","Longview"
"Washington","Mill Creek"
"Washington","Stevenson"
"Washington","Sequim"
"Washington","Bellingham"
"Washington","Auburn"
"Washington","Naches"
"Washington","Gig Harbor"
"Washington","Camas"
"Washington","Edmonds"
"Washington","Poulsbo"
"Washington","Spokane Valley"
"Washington","Everett"
"Washington","Deming"
"Washington","Westport"
"Washington","Bow"
"Washington","Prosser"
"Washington","Ruston"
"Washington","Quilcene"
"Washington","Hoquiam"
"Washington","Tukwila"
"Washington","Puyallup"
"Washington","Chelan"
"Washington","Lopez Island"
"Washington","Battle Ground"
"Washington","Chehalis"
"Washington","Yarrow Point"
"Washington","Snoqualmie Pass"
"Washington","Cathlamet"
"Washington","Concrete"
"Washington","Centralia"
"Washington","Belfair"
"Washington","La Conner"
"Washington","Port Angeles"
"Washington","Roslyn"
"Washington","Walla Walla"
"Washington","Langley"
"Washington","Redmond"
"Washington","Airway Heights"
"Washington","Goldendale"
"Washington","Eastsound"
"Washington","Manson"
"Washington","Issaquah"
"Washington","Sumner"
"Washington","Oroville"
"Washington","Kennewick"
"Washington","Black Diamond"
"Washington","Sultan"
"Washington","Kingston"
"Washington","Marysville"
"Washington","Lynnwood"
"Washington","Carson"
"Washington","Wenatchee"
"Washington","Port Townsend"
"Washington","Clarkston"
"Washington","Lake Stevens"
"Washington","Leavenworth"
"Washington","Mount Vernon"
"Washington","Colville"
"Washington","Olympia"
"Washington","Ridgefield"
"Washington","Burien"
"Washington","Kirkland"
"Washington","Aberdeen"
"Washington","Cowiche"
"Washington","Seaview"
"Washington","Monroe"
"Washington","Ellensburg"
"Washington","Stanwood"
"Washington","Republic"
"Washington","Lacey"
"Washington","Snoqualmie"
"Washington","Bellevue"
"Washington","Spokane"
"Washington","Vashon"
"Washington","Dayton"
"Washington","Newport"
"Washington","Clinton"
"Washington","Port Orchard"
"Washington","Yelm"
"Washington","Toppenish"
"Washington","Renton"
"Washington","Bremerton"
"Washington","Duvall"
"Washington","Washougal"
"Washington","White Salmon"
"Washington","Blaine"
"Washington","Mukilteo"
"Washington","Tacoma"
"Washington","Waitsburg"
"Washington","Pullman"
"Washington","Mead"
"Washington","Lakewood"
"Washington","Kettle Falls"
"Washington","Chewelah"
"Washington","index"
"Washington","Kenmore"
"West Virginia","Bruceton Mills"
"West Virginia","Wheeling"
"West Virginia","Rivesville"
"West Virginia","Summersville"
"West Virginia","Westover"
"West Virginia","Elkins"
"West Virginia","Charleston"
"West Virginia","Beckley"
"West Virginia","Shepherdstown"
"West Virginia","Maxwelton"
"West Virginia","Rippon"
"West Virginia","Parkersburg"
"West Virginia","Thomas"
"West Virginia","Davis"
"West Virginia","Princeton"
"West Virginia","Fayetteville"
"West Virginia","Huntington"
"West Virginia","Cool Ridge"
"West Virginia","Charles Town"
"West Virginia","Hillsboro"
"West Virginia","Snowshoe"
"West Virginia","Berkeley Springs"
"West Virginia","Morgantown"
"Wisconsin","Rice Lake"
"Wisconsin","Milwaukee"
"Wisconsin","Sparta"
"Wisconsin","Hillsboro"
"Wisconsin","Amherst"
"Wisconsin","Lake Mills"
"Wisconsin","Whitehall"
"Wisconsin","Bloomer"
"Wisconsin","Ashland"
"Wisconsin","Minocqua"
"Wisconsin","Menomonie"
"Wisconsin","Richland Center"
"Wisconsin","Plover"
"Wisconsin","Mequon"
"Wisconsin","Marinette"
"Wisconsin","Columbus"
"Wisconsin","West Bend"
"Wisconsin","Washburn"
"Wisconsin","Monroe"
"Wisconsin","Superior"
"Wisconsin","Fall Creek"
"Wisconsin","Ripon"
"Wisconsin","Glendale"
"Wisconsin","Whitewater"
"Wisconsin","Potosi"
"Wisconsin","Grafton"
"Wisconsin","Racine"
"Wisconsin","Athens"
"Wisconsin","Somerset"
"Wisconsin","Mukwonago"
"Wisconsin","Waunakee"
"Wisconsin","Green Bay"
"Wisconsin","Luxemburg"
"Wisconsin","Manitowish Waters"
"Wisconsin","Lake Geneva"
"Wisconsin","Cross Plains"
"Wisconsin","Middleton"
"Wisconsin","Delafield"
"Wisconsin","Madison"
"Wisconsin","Elkhart Lake"
"Wisconsin","Chilton"
"Wisconsin","Hudson"
"Wisconsin","Oshkosh"
"Wisconsin","Neenah"
"Wisconsin","Marion"
"Wisconsin","Cedarburg"
"Wisconsin","Saint Francis"
"Wisconsin","Stevens Point"
"Wisconsin","Appleton"
"Wisconsin","Madison "
"Wisconsin","Plymouth"
"Wisconsin","River Falls"
"Wisconsin","West Allis"
"Wisconsin","Fitchburg"
"Wisconsin","Janesville"
"Wisconsin","Eau Claire"
"Wisconsin","Roberts"
"Wisconsin","Hayward"
"Wisconsin","Waukesha"
"Wisconsin","Soldiers Grove"
"Wisconsin","Altoona"
"Wisconsin","Fort Atkinson"
"Wisconsin","Osseo"
"Wisconsin","Darlington"
"Wisconsin","Oconomowoc"
"Wisconsin","Black River Falls"
"Wisconsin","Wilson"
"Wisconsin","Wausau"
"Wisconsin","de Pere"
"Wisconsin","Arena"
"Wisconsin","Algoma"
"Wisconsin","Manitowoc"
"Wisconsin","Clear Lake"
"Wisconsin","Cornell"
"Wisconsin","Eagle River"
"Wisconsin","Brookfield"
"Wisconsin","Kenosha "
"Wisconsin","Chippewa Falls"
"Wisconsin","Sheboygan"
"Wisconsin","Rosholt"
"Wisconsin","Hartland"
"Wisconsin","Menasha"
"Wisconsin","Port Washington"
"Wisconsin","New Glarus"
"Wisconsin","Rhinelander"
"Wisconsin","Kenosha"
"Wisconsin","Marshfield"
"Wisconsin","Mount Horeb"
"Wisconsin","Belleville"
"Wisconsin","Woodruff"
"Wisconsin","East Troy"
"Wisconsin","Oak Creek"
"Wisconsin","Wisconsin Dells"
"Wisconsin","Sauk City"
"Wisconsin","Saint Croix Falls"
"Wisconsin","Verona"
"Wisconsin","Merrill"
"Wisconsin","Greendale"
"Wisconsin","Reedsburg"
"Wisconsin","La Crosse"
"Wisconsin","Baileys Harbor"
"Wisconsin","Plum City"
"Wisconsin","Onalaska"
"Wisconsin","New Richmond"
"Wisconsin","Waterloo"
"Wisconsin","Sturgeon Bay"
"Wisconsin","Egg Harbor"
"Wisconsin","Fountain City"
"Wisconsin","Dallas"
"Wisconsin","Mineral Point"
"Wisconsin","Stoughton"
"Wyoming","Alpine"
"Wyoming","Lander"
"Wyoming","Thermopolis"
"Wyoming","Sheridan"
"Wyoming","Evanston"
"Wyoming","Rock Springs"
"Wyoming","Buffalo"
"Wyoming","Pinedale"
"Wyoming","Ten Sleep"
"Wyoming","Jackson"
"Wyoming","Cody"
"Wyoming","Glenrock"
"Wyoming","Casper"
"Wyoming","Gillette"
"Wyoming","Laramie"
"Wyoming","Riverton"
"Wyoming","Douglas"
"Wyoming","Cheyenne"
"Wyoming","Powell"
"Wyoming","Saratoga"
"Wyoming","Jackson Hole"
,
