,brewery_name,address,brewery_page_url,list_order,page_num
0,(512) Brewing Company,"407 Radam Lane, Bldg. F200 Austin TX 78745, US",https://texascraftbrewersguild.org/directory-brewery-members/#!biz/id/5fba952669c86f7de94967c8,,1
1,11 Below Brewing Company,"6519 Walton Heath Drive Houston TX 77069, US",https://texascraftbrewersguild.org/directory-brewery-members/#!biz/id/5fba952469c86f7de9496773,,1
2,3 Nations Brewing,"PO BOX 861498 Plano TX 75023, US",https://texascraftbrewersguild.org/directory-brewery-members/#!biz/id/5f775a9345a0c06215737069,,1
3,4 C Brewers LLC,"8778 FM 2095 Gause TX 77857, US",https://texascraftbrewersguild.org/directory-brewery-members/#!biz/id/60bce8b25e9a894e4151f141,,1
4,4J Brewing Company,"1348 CEDAR POST LANE Houston TX 77055, US",https://texascraftbrewersguild.org/directory-brewery-members/#!biz/id/5fc685044dc29e058b5b1ef0,,1
5,4th Tap Brewing Cooperative,"10615 Metric Blvd. Austin TX 78758, US",https://texascraftbrewersguild.org/directory-brewery-members/#!biz/id/5fba952569c86f7de9496794,,1
6,Acopon Brewing Company,"211 W Mercer St Dripping Springs TX 78620, US",https://texascraftbrewersguild.org/directory-brewery-members/#!biz/id/5fba952569c86f7de949679b,,1
7,Alamo Beer Company,"415 Burnet San Antonio TX 78202, US",https://texascraftbrewersguild.org/directory-brewery-members/#!biz/id/5fba952569c86f7de9496791,,1
8,Altstadt Brewery,"6120 Us Hwy 290 East Fredericksburg TX 78624, US",https://texascraftbrewersguild.org/directory-brewery-members/#!biz/id/5fba952569c86f7de949679c,,1
9,AQUABREW,"110 E MLK DR SUITE 130 San Marcos TX 78666, US",https://texascraftbrewersguild.org/directory-brewery-members/#!biz/id/5fba952469c86f7de9496781,,1
10,Armadillo Ale Works,"221 S Bell Ave Denton TX 76201, US",https://texascraftbrewersguild.org/directory-brewery-members/#!biz/id/5fd7891a7827ef740d49a655,,1
11,Astral Brewing,"4816 N Shepherd Dr, Suite A Houston TX 77018, US",https://texascraftbrewersguild.org/directory-brewery-members/#!biz/id/5fba952569c86f7de949679d,,1
12,Austin Beerworks,"3009 Industrial Terrace Austin TX 78758, US",https://texascraftbrewersguild.org/directory-brewery-members/#!biz/id/5fba952569c86f7de949679e,,1
13,B&J's Pizza Brewpub,6662 South Staples Corpus Christi Texas 78413,https://texascraftbrewersguild.org/directory-brewery-members/#!biz/id/5fba952469c86f7de9496771,,1
14,B-52 Brewing,"12470 Milroy Lane Conroe TX 77304, US",https://texascraftbrewersguild.org/directory-brewery-members/#!biz/id/60a42a27a3a88134440443a3,,1
15,Baa Baa Brewhouse,"6110 GRAND GLEN CT Katy TX 77494, US",https://texascraftbrewersguild.org/directory-brewery-members/#!biz/id/5f775a9345a0c0621573706f,,1
16,Back Unturned Brewing Co.,"516 Brooklyn Ave San Antonio TX 78215, US",https://texascraftbrewersguild.org/directory-brewery-members/#!biz/id/5fba952869c86f7de949681a,,1
17,BackStory Brewery,"211 Magnolia St Sulphur Springs TX 75482, US",https://texascraftbrewersguild.org/directory-brewery-members/#!biz/id/5fba952769c86f7de94967f4,,1
18,Baileson Brewing Company,"4607 Richmond ave Houston TX 77027, US",https://texascraftbrewersguild.org/directory-brewery-members/#!biz/id/5fba952469c86f7de9496774,,1
19,BAKFISH Brewing Company,"1231 Broadway Pearland TX 77581, US",https://texascraftbrewersguild.org/directory-brewery-members/#!biz/id/5fba952469c86f7de949677c,,1
20,Balcones Distilling,"225 S. 11th St. Waco TX 76701, US",https://texascraftbrewersguild.org/directory-brewery-members/#!biz/id/5fba952869c86f7de9496829,,1
21,Bankhead Brewing Co.,"3840 Main St. Rowlett TX 75088, US",https://texascraftbrewersguild.org/directory-brewery-members/#!biz/id/5fba952669c86f7de94967d6,,1
22,Bare Arms Brewing,"2515 Lasalle Ave Waco TX 76706, US",https://texascraftbrewersguild.org/directory-brewery-members/#!biz/id/5fba952669c86f7de94967c5,,1
23,Barking Armadillo Brewing,"507 River Bend Georgetown TX 78628, US",https://texascraftbrewersguild.org/directory-brewery-members/#!biz/id/5fba952769c86f7de94967f0,,1
24,Barrelman Brewing Company,"103 Ranger Dr. Ste A Boerne TX 78006, US",https://texascraftbrewersguild.org/directory-brewery-members/#!biz/id/60482659c0caa52e687eac7e,,1
25,Batch Craft Beer and Kolaches,"3220 Manor Rd Austin TX 78723, US",https://texascraftbrewersguild.org/directory-brewery-members/#!biz/id/6142773a991c261e74097571,,1
26,Bearded Fox Brewing Company,"11729 Spring Cypress Road, Suite R Tomball TX 77377, US",https://texascraftbrewersguild.org/directory-brewery-members/#!biz/id/5fba952669c86f7de94967cd,,1
27,Beerburg Brewing Company,"13476 Fitzhugh Rd Austin TX 78736, US",https://texascraftbrewersguild.org/directory-brewery-members/#!biz/id/5fba952869c86f7de949682f,,1
28,Bell Springs Brewing Co.,"3700 Bell Springs Road Dripping Springs TX 78620, US",https://texascraftbrewersguild.org/directory-brewery-members/#!biz/id/5f775a9445a0c06215737080,,1
29,"BJ's Restaurants, Inc.","602 E Central Avenue Temple TX 76501, US",https://texascraftbrewersguild.org/directory-brewery-members/#!biz/id/5f775a9345a0c0621573706d,,1
30,Black Laboratory Brewing,"1602 E. Houston St Suite 109 San Antonio TX 78202, US",https://texascraftbrewersguild.org/directory-brewery-members/#!biz/id/5fba952769c86f7de94967e6,,1
31,Black Star Co-op Pub and Brewery,"7020 Easy Wind Drive, Suite 100 Austin TX 78752, US",https://texascraftbrewersguild.org/directory-brewery-members/#!biz/id/5fba952569c86f7de94967a0,,1
32,Blackwater Draw Brewing Co,"701 N Main St Bryan TX 77803, US",https://texascraftbrewersguild.org/directory-brewery-members/#!biz/id/60f83b6a78f0f32506515d60,,1
33,Blue Owl Brewing,"2400 E Cesar Chavez Ste 300 Austin TX 78702, US",https://texascraftbrewersguild.org/directory-brewery-members/#!biz/id/5fba952669c86f7de94967bd,,1
34,Blue Star Brewing Company,"1414 S Alamo St San Antonio TX 78210, US",https://texascraftbrewersguild.org/directory-brewery-members/#!biz/id/5fba952469c86f7de9496770,,1
35,Bluebonnet Beer Company,"1700 Bryant Drive, Suite 107 Round Rock TX 78664, US",https://texascraftbrewersguild.org/directory-brewery-members/#!biz/id/5fba952569c86f7de949678b,,1
36,Bold Republic Brewing Company,"206 N Penelope St Belton TX 76513, US",https://texascraftbrewersguild.org/directory-brewery-members/#!biz/id/6053e17f511de45e1578f326,,1
37,Brick Vault Brewery and BBQ,"PO Box 46 Marathon TX 79842, US",https://texascraftbrewersguild.org/directory-brewery-members/#!biz/id/5fba952469c86f7de949677d,,1
38,Brigadoon Brewery & Brew School LLC,"4808 Fairmont Parkway, Suite 112 Pasadena TX 77505, US",https://texascraftbrewersguild.org/directory-brewery-members/#!biz/id/5fba952669c86f7de94967da,,1
39,Brotherwell Brewing,"400 E Bridge Street Waco TX 76704, US",https://texascraftbrewersguild.org/directory-brewery-members/#!biz/id/5fba952569c86f7de94967a2,,1
40,Buckstin Brewing Company,"1211 Boston Ave Nederland TX 77627, US",https://texascraftbrewersguild.org/directory-brewery-members/#!biz/id/5fba952869c86f7de9496825,,1
41,Cactus Land Brewing Company,"368 County Road 325 Adkins TX 78101, US",https://texascraftbrewersguild.org/directory-brewery-members/#!biz/id/5fba952569c86f7de949678f,,1
42,Celestial Beerworks,"2530 Butler St Dallas TX 75235, US",https://texascraftbrewersguild.org/directory-brewery-members/#!biz/id/5fba952669c86f7de94967d0,,1
43,Celis Brewery,"10001 Metric Blvd Austin TX 78758, US",https://texascraftbrewersguild.org/directory-brewery-members/#!biz/id/5fba952569c86f7de9496783,,1
44,Central District Brewing,"PO Box 6942 Austin TX 78762, US",https://texascraftbrewersguild.org/directory-brewery-members/#!biz/id/5fba952869c86f7de949681c,,1
45,Central Machine Works,"4824 E. Cesar Chavez Austin TX 78702, US",https://texascraftbrewersguild.org/directory-brewery-members/#!biz/id/5fba952869c86f7de9496839,,1
46,Chambers Creek Brewing Company,"PO BOX 211 Maypearl TX 76064, US",https://texascraftbrewersguild.org/directory-brewery-members/#!biz/id/5ff07d76c6be8f733b4f7733,,1
47,Cibolo Creek Brewing,"448 S Main St Boerne TX 78006, US",https://texascraftbrewersguild.org/directory-brewery-members/#!biz/id/5fba952769c86f7de94967e3,,1
48,Circle Brewing Co.,"2340 West Braker Lane, Suite B Austin TX 78758, US",https://texascraftbrewersguild.org/directory-brewery-members/#!biz/id/5f775a9445a0c0621573707d,,1
49,City Orchard,"1201 Oliver Street, Unit 108 Houston TX 77007, US",https://texascraftbrewersguild.org/directory-brewery-members/#!biz/id/60ff0ff43929587fc7708ab4,,1
50,Cowtown Brewing Company,"1301 E Belknap St Fort Worth TX 76102, US",https://texascraftbrewersguild.org/directory-brewery-members/#!biz/id/5f775a9445a0c06215737078,,1
51,Craft And Growler,"3601 Parry Ave Dallas TX 75226, US",https://texascraftbrewersguild.org/directory-brewery-members/#!biz/id/5fba952569c86f7de9496799,,1
52,Deadbeach Brewery,"406 S Durango El Paso TX 79901, US",https://texascraftbrewersguild.org/directory-brewery-members/#!biz/id/5fba952569c86f7de9496795,,1
53,"DECA Beer Company, Inc.","494 Business Park, 25428 TX Loop 494, STE G Porter TX 77365, US",https://texascraftbrewersguild.org/directory-brewery-members/#!biz/id/5fba952769c86f7de94967ec,,1
54,Deep Ellum Brewing Company,"2823 St Louis Street Dallas TX 75226, US",https://texascraftbrewersguild.org/directory-brewery-members/#!biz/id/5fca627308adef36df44b27f,,1
55,Denton County Brewing Company,"200 E. McKinney St. Denton TX 76201, US",https://texascraftbrewersguild.org/directory-brewery-members/#!biz/id/5f775a9345a0c06215737063,,1
56,Devil and the Deep Brewery,"2425 Postoffice St. Galveston TX 77550, US",https://texascraftbrewersguild.org/directory-brewery-members/#!biz/id/5fba952569c86f7de9496790,,1
57,Division Brewing,"2616 PIN OAK LANE Arlington TX 76012, US",https://texascraftbrewersguild.org/directory-brewery-members/#!biz/id/5fba952769c86f7de94967e4,,1
58,Dodging Duck Brewhaus,"402 River Road Boerne TX 78006, US",https://texascraftbrewersguild.org/directory-brewery-members/#!biz/id/5fba952569c86f7de949678d,,1
59,Dorcol Distilling and Brewing,"P.O. Box 830626 San Antonio TX 78283, US",https://texascraftbrewersguild.org/directory-brewery-members/#!biz/id/5fba952669c86f7de94967d7,,1
60,Dos Sirenos Brewing,"231 E Cevallos Street San Antonio TX 78204, US",https://texascraftbrewersguild.org/directory-brewery-members/#!biz/id/5fba952869c86f7de9496822,,1
61,Edgewise Eight Brewing,"221 N. Main Weatherford TX 76086, US",https://texascraftbrewersguild.org/directory-brewery-members/#!biz/id/60f04606c4b375595641d456,,1
62,Eureka Heights Brew Co,"941 W 18th St Houston TX 77008, US",https://texascraftbrewersguild.org/directory-brewery-members/#!biz/id/5f775a9445a0c06215737081,,1
63,"Excalibur Brewing, Llc",26510 A Border St Sprint Texas 77373,https://texascraftbrewersguild.org/directory-brewery-members/#!biz/id/5fba952769c86f7de94967f7,,1
64,False Idol Brewing,"7924 Maplewood Ave North Richland Hills TX 76180, US",https://texascraftbrewersguild.org/directory-brewery-members/#!biz/id/5fba952769c86f7de94967fe,,1
65,Family Business Beer Company,"19510 Hamilton Pool Rd Dripping Springs TX 78620, US",https://texascraftbrewersguild.org/directory-brewery-members/#!biz/id/5f775a9345a0c0621573706c,,1
66,Fire Base Brewing Company,"8 S 1st St Temple TX 76501, US",https://texascraftbrewersguild.org/directory-brewery-members/#!biz/id/5fba952569c86f7de9496792,,1
67,Fitzhugh Brewing,"15435 Fitzhugh Road Dripping Springs TX 78620, US",https://texascraftbrewersguild.org/directory-brewery-members/#!biz/id/5fd3df3c21eaf257630fafc2,,1
68,Fort Brewery & Pizza,"2737 Tillar St Fort Worth TX 76107, US",https://texascraftbrewersguild.org/directory-brewery-members/#!biz/id/5fba952569c86f7de94967a4,,1
69,Fortress BeerWorks,"2606 Spring Cypress Rd Spring TX 77388, US",https://texascraftbrewersguild.org/directory-brewery-members/#!biz/id/5f775a9345a0c06215737064,,1
70,Four Bullets Brewery,"640 N Interurban Richardson TX 75081, US",https://texascraftbrewersguild.org/directory-brewery-members/#!biz/id/5f775a9345a0c06215737070,,1
71,Frankenboltzzzz Brewing Co.,"173 N. FM 1486 Rd. Montgomery TX 77356, US",https://texascraftbrewersguild.org/directory-brewery-members/#!biz/id/60137e7d74391265ac0b9531,,1
72,Fredericksburg Brewing Company,"245 E. Main Street Fredericksburg TX 78624, US",https://texascraftbrewersguild.org/directory-brewery-members/#!biz/id/5f775a9445a0c0621573707e,,1
73,Fredonia Brewery,"138 N. Mound Street Nacogdoches TX 75961, US",https://texascraftbrewersguild.org/directory-brewery-members/#!biz/id/5fba952669c86f7de94967d5,,1
74,Freetail Brewing Company Taproom,"2000 S Presa St San Antonio TX 78210, US",https://texascraftbrewersguild.org/directory-brewery-members/#!biz/id/5fba952769c86f7de94967dd,,1
75,Friends and Allies Brewing Company,"979 Springdale Rd #124 Austin TX 78702, US",https://texascraftbrewersguild.org/directory-brewery-members/#!biz/id/5fba952569c86f7de94967a5,,1
76,Frontyard Brewing,"4514 Bob Wire Road Spicewood TX 78669, US",https://texascraftbrewersguild.org/directory-brewery-members/#!biz/id/5f775a9445a0c06215737071,,1
77,Fulbrook Ale Works,"1125 fm 359 Richmond TX 77406, US",https://texascraftbrewersguild.org/directory-brewery-members/#!biz/id/60b651746b68015c314165f3,,1
78,Funky Picnic Brewery & Café,"7002 Escondido Dr Arlington TX 76016, US",https://texascraftbrewersguild.org/directory-brewery-members/#!biz/id/5fba952769c86f7de94967f3,,1
79,Galveston Bay Beer Company,"12900 FM 3436 RD Dickinson TX 77539, US",https://texascraftbrewersguild.org/directory-brewery-members/#!biz/id/5fba952569c86f7de94967a6,,1
80,Galveston Island Brewing,"8423 Stewart Rd Galveston TX 77554, US",https://texascraftbrewersguild.org/directory-brewery-members/#!biz/id/5fba952669c86f7de94967ce,,1
81,Ghost Note Brewing,"23663 Ranch Road 12 Dripping Springs TX 78620, US",https://texascraftbrewersguild.org/directory-brewery-members/#!biz/id/5fba952669c86f7de94967c6,,1
82,Grain Theory,"202 Pine Street, Suite 201 Abilene TX 79601, US",https://texascraftbrewersguild.org/directory-brewery-members/#!biz/id/5fba952869c86f7de949683a,,1
83,Great Heights Brewing Company,"938 Wakefield Drive Houston TX 77018, US",https://texascraftbrewersguild.org/directory-brewery-members/#!biz/id/5fba952569c86f7de94967a7,,1
84,Happy Hippie Brewing Company,"607 S Cottonwood Dr Richardson TX 75080, US",https://texascraftbrewersguild.org/directory-brewery-members/#!biz/id/5fba952869c86f7de9496837,,1
85,Hedgehog Brewing,"3200 Woodall Dr. Unit C-1 Cedar Park TX 78613, US",https://texascraftbrewersguild.org/directory-brewery-members/#!biz/id/5fba952669c86f7de94967db,,1
86,Hell Or High Water Brewing,"931 Loop 332 Liberty Hill TX 78642, US",https://texascraftbrewersguild.org/directory-brewery-members/#!biz/id/5fba952469c86f7de949677b,,1
87,Hemisphere Brewing Company,2015 Kristy Ln Rockwall Texas 75098,https://texascraftbrewersguild.org/directory-brewery-members/#!biz/id/5fba952469c86f7de9496778,,1
88,Hi Sign Brewing,"1201 Old Bastrop Hwy Austin TX 78742, US",https://texascraftbrewersguild.org/directory-brewery-members/#!biz/id/5fba952669c86f7de94967cf,,1
89,Hold Out Brewing,"1208 W. 4th Street Austin TX 78703, US",https://texascraftbrewersguild.org/directory-brewery-members/#!biz/id/5fba952669c86f7de94967ca,,1
90,Holler Brewing,"2206 Edwards St, Suite A Houston TX 77007, US",https://texascraftbrewersguild.org/directory-brewery-members/#!biz/id/5fba952569c86f7de9496797,,1
91,Hop and Sting Brewing Company,"906 Jean St Grapevine TX 76051, US",https://texascraftbrewersguild.org/directory-brewery-members/#!biz/id/5fba952569c86f7de94967a8,,1
92,HopFusion Ale Works,"200 East Broadway Fort Worth TX 76104, US",https://texascraftbrewersguild.org/directory-brewery-members/#!biz/id/5fba952569c86f7de94967a9,,1
93,Hopsquad Brewing Company,"2307 Kramer Lane Austin TX 78758, US",https://texascraftbrewersguild.org/directory-brewery-members/#!biz/id/5f775a9345a0c06215737065,,1
94,Hound Song Brewing Co.,"535 Walnut Street Columbus TX 78934, US",https://texascraftbrewersguild.org/directory-brewery-members/#!biz/id/5fba952769c86f7de94967fb,,1
95,Humble Pint Brewing Co.,"4105 Flower Pot Cv Round Rock TX 78681, US",https://texascraftbrewersguild.org/directory-brewery-members/#!biz/id/5fad76a2e2565a01fb13b848,,1
96,Infamous Brewing Company,"4602 Weletka Dr, #300 Austin TX 78734, US",https://texascraftbrewersguild.org/directory-brewery-members/#!biz/id/5fba952569c86f7de94967ab,,1
97,Ingenious Brewing Company,"1986 S. Houston Ave Humble TX 77396, US",https://texascraftbrewersguild.org/directory-brewery-members/#!biz/id/5fba952669c86f7de94967ac,,1
98,Intrinsic Brewing,"509 W State St Garland TX 75040, US",https://texascraftbrewersguild.org/directory-brewery-members/#!biz/id/5fba952569c86f7de9496782,,1
99,Iron Bridge Ice House,"601 Chestnut St #E Bastrop TX 78602, US",https://texascraftbrewersguild.org/directory-brewery-members/#!biz/id/5fba952869c86f7de9496824,,1
100,Iron Gauntlet Brauhaus,"400 Cheyenne Dr. Killeen TX 76542, US",https://texascraftbrewersguild.org/directory-brewery-members/#!biz/id/5fba952869c86f7de949683c,,1
101,Ivanhoe Ale Works,"220 W Main St. Denison TX 75020, US",https://texascraftbrewersguild.org/directory-brewery-members/#!biz/id/60fe355151c5835d2b081212,,1
102,Jester King Brewery,"13187 Fitzhugh Road, Building B Austin Texas 78736",https://texascraftbrewersguild.org/directory-brewery-members/#!biz/id/5fba952669c86f7de94967ad,,1
103,Künstler Brewing,302 East Lachapelle San Antonio Texas 78210,https://texascraftbrewersguild.org/directory-brewery-members/#!biz/id/5f775a9445a0c06215737074,,1
104,Krootz Brewing Company,"315 West Elm St. Gainesville TX 76240, US",https://texascraftbrewersguild.org/directory-brewery-members/#!biz/id/612e8769ad4881785864c67b,,1
105,La Grange Brewing Company,"6002 FM 2981 La Grange, TX 78945",https://texascraftbrewersguild.org/directory-brewery-members/#!biz/id/5fc7bdf544ede00aea1bfee1,,1
106,LAKE HOUSTON BREWERY,"10614 FM 1960 Huffman TX 77336, US",https://texascraftbrewersguild.org/directory-brewery-members/#!biz/id/6122d4ddb19a5807da2ffa83,,1
107,LAKEWOOD BREWING COMPANY,"2302 Executive Dr. Garland TX 75041, US",https://texascraftbrewersguild.org/directory-brewery-members/#!biz/id/5f775a9345a0c06215737066,,1
108,Last Stand Brewing Company - Pauls Valley,"12345 Pauls Valley Rd, Building i Austin TX 78737, US",https://texascraftbrewersguild.org/directory-brewery-members/#!biz/id/5fba952669c86f7de94967c7,,1
109,Lazarus Brewing Co.,"1902 E 6th St Austin TX 78702, US",https://texascraftbrewersguild.org/directory-brewery-members/#!biz/id/5fba952669c86f7de94967cb,,1
110,Lazy Beach Brewing,"7522 Bichon, 100 Corpus Christi TX 78414, US",https://texascraftbrewersguild.org/directory-brewery-members/#!biz/id/5fba952469c86f7de9496775,,1
111,Legal Draft Beer Co.,"500 E. Division St., Suite 100 Arlington TX 76011, US",https://texascraftbrewersguild.org/directory-brewery-members/#!biz/id/5fba952569c86f7de9496796,,1
112,Live Oak Brewing Company,"1615 Crozier Lane Del Valle TX 78617, US",https://texascraftbrewersguild.org/directory-brewery-members/#!biz/id/5fba952569c86f7de9496784,,1
113,Local Group Brewing,"1501 Chapman Houston TX 77009, US",https://texascraftbrewersguild.org/directory-brewery-members/#!biz/id/5fba952869c86f7de9496826,,1
114,Location Six Brewing Company,"2316 Main Street Waller TX 77484, US",https://texascraftbrewersguild.org/directory-brewery-members/#!biz/id/61213b8e17c4b61d967dbd53,,1
115,Lone Pint Brewery,"507 Commerce St Magnolia TX 77355, US",https://texascraftbrewersguild.org/directory-brewery-members/#!biz/id/5f775a9345a0c0621573706e,,1
116,"Longtab Brewing Company, LLC","4700 Timco W Suite 105 San Antonio TX 78238, US",https://texascraftbrewersguild.org/directory-brewery-members/#!biz/id/5fba952569c86f7de949678a,,1
117,Mad Pecker Brewing Co.,"6025 Tezel Rd. #122 San Antonio TX 78250, US",https://texascraftbrewersguild.org/directory-brewery-members/#!biz/id/5fba952469c86f7de9496776,,1
118,Martin House Brewing Company,"220 South Sylvania Ave., Suite 209 Forth Worth Texas 76107",https://texascraftbrewersguild.org/directory-brewery-members/#!biz/id/5fba952569c86f7de9496786,,1
119,Meanwhile Brewing Company,"3901 Promontory Point Dr Austin TX 78744, US",https://texascraftbrewersguild.org/directory-brewery-members/#!biz/id/5fba952769c86f7de94967f8,,1
120,Neutral Ground Brewing Company,"2929 Race St Fort Worth TX 76111, US",https://texascraftbrewersguild.org/directory-brewery-members/#!biz/id/5fba952769c86f7de94967e9,,1
121,New Magnolia Brewing Co,"1616 Bevis St Houston TX 77008, US",https://texascraftbrewersguild.org/directory-brewery-members/#!biz/id/5fba952869c86f7de949681e,,1
122,No Label Brewing Co,"5351-A 1st Street Katy TX 77493, US",https://texascraftbrewersguild.org/directory-brewery-members/#!biz/id/5fba952669c86f7de94967ae,,1
123,Nocona Beer & Brewery,915 E HWY 82 Nocona Texas 76255,https://texascraftbrewersguild.org/directory-brewery-members/#!biz/id/5fba952869c86f7de9496815,,1
124,Nomadic Beerworks,"3804 Woodbury Dr ste A Austin TX 78704, US",https://texascraftbrewersguild.org/directory-brewery-members/#!biz/id/5fba952869c86f7de949682e,,1
125,Nueces Brewing Company,"15533 Cruiser St, Apt A Corpus Christi TX 78418, US",https://texascraftbrewersguild.org/directory-brewery-members/#!biz/id/5fba952469c86f7de949677f,,1
126,ODD Muse Brewing Company,4488 Spring Valley Road Farmer's Branch Texas 75244,https://texascraftbrewersguild.org/directory-brewery-members/#!biz/id/5fba952769c86f7de9496807,,1
127,Oddwood Ales,"3108 Manor Rd. Austin TX 78723, US",https://texascraftbrewersguild.org/directory-brewery-members/#!biz/id/5fba952769c86f7de94967e0,,1
128,Oil Horse Brewing Company,"101 W Tyler St Longview TX 75601, US",https://texascraftbrewersguild.org/directory-brewery-members/#!biz/id/5f775a9345a0c0621573706a,,1
129,Old 290 Brewery,"4064 West Us Highway 290 Johnson City TX 78636, US",https://texascraftbrewersguild.org/directory-brewery-members/#!biz/id/5fba952669c86f7de94967c4,,1
130,On Rotation,"7701 Lemmon Ave, Suite 200 Dallas TX 75209, US",https://texascraftbrewersguild.org/directory-brewery-members/#!biz/id/5fba952669c86f7de94967bc,,1
131,ONeil and Sons Brewing Company,"206 S Commerce St. Port Lavaca TX 77979, US",https://texascraftbrewersguild.org/directory-brewery-members/#!biz/id/60915e476e4d896f6e4255b7,,1
132,Oskar Blues,"10420 Metric Blvd Ste 150 Austin TX 78758, US",https://texascraftbrewersguild.org/directory-brewery-members/#!biz/id/5fca6211b343242e1b07b340,,1
133,Outfit Brewing,"7135 John Carpenter Frwy Dallas TX 75247, US",https://texascraftbrewersguild.org/directory-brewery-members/#!biz/id/5fba952669c86f7de94967c1,,1
134,Panther Island Brewing,"501 N Main Fort Worth TX 76164, US",https://texascraftbrewersguild.org/directory-brewery-members/#!biz/id/5fba952869c86f7de9496820,,1
135,Pecan Street Brewing,"P.O. Box 1504 Johnson City TX 78636, US",https://texascraftbrewersguild.org/directory-brewery-members/#!biz/id/5f775a9445a0c06215737072,,1
136,Pegasus City Brewery,"2222 Vantage Street Dallas TX 75207, US",https://texascraftbrewersguild.org/directory-brewery-members/#!biz/id/601031a03eeb012b1403fcee,,1
137,Peticolas Brewing Company,"2026 Farrington Street Dallas TX 75207, US",https://texascraftbrewersguild.org/directory-brewery-members/#!biz/id/5fba952669c86f7de94967d1,,1
138,Pint & Plow Brewing Company,"332 Clay St Kerrville TX 78028, US",https://texascraftbrewersguild.org/directory-brewery-members/#!biz/id/5faacbcd17fe9873ed218d98,,1
139,Pinthouse Pizza Burnet,"4729 Burnet Rd Austin TX 78756, US",https://texascraftbrewersguild.org/directory-brewery-members/#!biz/id/5f775a9345a0c0621573706b,,1
140,Pondaseta Brewing Co.,"7500 SW 45th Ave Amarillo TX 79119, US",https://texascraftbrewersguild.org/directory-brewery-members/#!biz/id/5fba952869c86f7de9496823,,1
141,Rahr & Sons Brewing Company,"701 Galveston Ave Fort Worth TX 76104, US",https://texascraftbrewersguild.org/directory-brewery-members/#!biz/id/60995d6f46ff2f2b461d576e,,1
142,Ranger Creek Distilling,"4834 Whirlwind Drive San Antonio TX 78217, US",https://texascraftbrewersguild.org/directory-brewery-members/#!biz/id/5fba952569c86f7de94967a3,,1
143,Real Ale Brewing Company,"231 San Saba Court Blanco TX 78606, US",https://texascraftbrewersguild.org/directory-brewery-members/#!biz/id/5fba952669c86f7de94967b0,,1
144,Rebel Toad Brewing Co.,"425 William St Corpus Christi TX 78401, US",https://texascraftbrewersguild.org/directory-brewery-members/#!biz/id/5fba952669c86f7de94967b1,,1
145,Reck 'Em Right Brewing Company,"102 South Avenue G Johnson City TX 78636, US",https://texascraftbrewersguild.org/directory-brewery-members/#!biz/id/5fba952869c86f7de949681b,,1
146,Red Horn Coffee House and Brewing Co.,"13010 West Parmer Lane, Ste. 800 Cedar Park TX 78613, US",https://texascraftbrewersguild.org/directory-brewery-members/#!biz/id/5fba952669c86f7de94967c0,,1
147,Roadmap Brewing Co.,"723 N. Alamo St San Antonio TX 78215, US",https://texascraftbrewersguild.org/directory-brewery-members/#!biz/id/5fba952869c86f7de9496831,,1
148,"Rough Diamond Brewery, LLC","101 Kendalia Circle Spring Branch TX 78070, US",https://texascraftbrewersguild.org/directory-brewery-members/#!biz/id/5fba952569c86f7de9496787,,1
149,"Roughhouse Brewing, LLC","612 Oakwood Loop San Marcos TX 78666, US",https://texascraftbrewersguild.org/directory-brewery-members/#!biz/id/5fba952869c86f7de949681f,,1
150,Rusty Gate Brewery/ Rusty Gate Brewing Co.,"112 Buckeye Lane Trinity TX 75862, US",https://texascraftbrewersguild.org/directory-brewery-members/#!biz/id/5fba952669c86f7de94967b2,,1
151,Saint Arnold Brewing Company,"2000 Lyons Avenue Houston TX 77020, US",https://texascraftbrewersguild.org/directory-brewery-members/#!biz/id/5fba952469c86f7de949677a,,1
152,"San Gabriel River Brewery, Inc","500 Chaparral Dr Liberty Hill TX 78642, US",https://texascraftbrewersguild.org/directory-brewery-members/#!biz/id/5fba952769c86f7de94967dc,,1
153,Savage Brew Lab,"800 S. Bryan Ave Bryan TX 77803, US",https://texascraftbrewersguild.org/directory-brewery-members/#!biz/id/60d22c8de5482a1863104ae6,,1
154,Second Pitch Beer Company,"11935 Starcrest Dr. San Antonio TX 78247, US",https://texascraftbrewersguild.org/directory-brewery-members/#!biz/id/5fba952869c86f7de949681d,,1
155,Siren Rock Brewing Company,"310 South Goliad Street Rockwall TX 75087, US",https://texascraftbrewersguild.org/directory-brewery-members/#!biz/id/5fba952869c86f7de949683b,,1
156,Soul Fire Brewing Co.,"206 N. Oak St. Roanoke TX 76262, US",https://texascraftbrewersguild.org/directory-brewery-members/#!biz/id/5fba952869c86f7de949682c,,1
157,Southerleigh Fine Food and Brewery,"136 East Grayson St. San Antonio TX 78215, US",https://texascraftbrewersguild.org/directory-brewery-members/#!biz/id/5fba952669c86f7de94967cc,,1
158,Southern Heights Brewing Co,"6014 Techni Center Dr ste 2-101 Austin TX 78721, US",https://texascraftbrewersguild.org/directory-brewery-members/#!biz/id/5fba952669c86f7de94967b4,,1
159,Southern Roots Brewing,"219 N 8th St Waco TX 76701, US",https://texascraftbrewersguild.org/directory-brewery-members/#!biz/id/5fba952769c86f7de9496805,,1
160,Spindletap Brewery,"10622 Hirsch Rd. Houston TX 77016, US",https://texascraftbrewersguild.org/directory-brewery-members/#!biz/id/5f775a9445a0c0621573707b,,1
161,St. Elmo Brewing Company,"440 E. St. Elmo St., Bldg G-2 Austin TX 78745, US",https://texascraftbrewersguild.org/directory-brewery-members/#!biz/id/5fba952469c86f7de949677e,,1
162,Steam Theory Brewing Company,"340 Singleton Blvd #100 Dallas TX 75212, US",https://texascraftbrewersguild.org/directory-brewery-members/#!biz/id/5f775a9345a0c06215737062,,1
163,Stesti Brewing,"1328 FM2915 Lovelady TX 75851, US",https://texascraftbrewersguild.org/directory-brewery-members/#!biz/id/5fcfbec1d2be75037a6cc366,,1
164,SUDS MONKEY BREWING,"12024 US Hwy 290 Austin TX 78737, US",https://texascraftbrewersguild.org/directory-brewery-members/#!biz/id/60999d7be5d82a464f3ba2a4,,1
165,Tall City Brewing Co.,"3303 W Golf Course Rd Midland TX 79703, US",https://texascraftbrewersguild.org/directory-brewery-members/#!biz/id/5fba952669c86f7de94967be,,1
166,Texas Ale Project,"1001 N Riverfront Blvd Dallas TX 75207, US",https://texascraftbrewersguild.org/directory-brewery-members/#!biz/id/5fab0057148b337efe6724dd,,1
167,Texas Beer Company,"201 N. Main Street Taylor TX 76574, US",https://texascraftbrewersguild.org/directory-brewery-members/#!biz/id/5fba952769c86f7de94967e1,,1
168,Texas Cannon Brewing Company,"307 4th Street Blanco TX 78606, US",https://texascraftbrewersguild.org/directory-brewery-members/#!biz/id/5fba952769c86f7de9496803,,1
169,Texas Leaguer Brewing,"13503 Pike Rd Missouri City TX 77489, US",https://texascraftbrewersguild.org/directory-brewery-members/#!biz/id/5fd3e8a2705be3314129712a,,1
170,The ABGB,"1305 West Oltorf St, Suite 200 Austin TX 78704, US",https://texascraftbrewersguild.org/directory-brewery-members/#!biz/id/5f775a9445a0c06215737073,,1
171,The Brewery LBK,"1204 Broadway Lubbock TX 79401, US",https://texascraftbrewersguild.org/directory-brewery-members/#!biz/id/603e8848a8c2d81b7345dac6,,1
172,The Brewtorium,"6015 Dillard Circle, Suite A Austin TX 78752, US",https://texascraftbrewersguild.org/directory-brewery-members/#!biz/id/5fba952569c86f7de9496785,,1
173,Toppled Turtle Brewing Company,"102 E 7th Street Dumas TX 79029, US",https://texascraftbrewersguild.org/directory-brewery-members/#!biz/id/5fba952869c86f7de9496814,,1
174,Trinity Forest Brewing Company,"2825 Oak Lawn Ave, #191521 Dallas TX 75219, US",https://texascraftbrewersguild.org/directory-brewery-members/#!biz/id/5fba952669c86f7de94967b7,,1
175,True Anomaly Brewing Company,"2012 Dallas St Houston TX 77003, US",https://texascraftbrewersguild.org/directory-brewery-members/#!biz/id/5fba952569c86f7de9496793,,1
176,True Vine Brewing Company,"2453 Earl Campbell Parkway Tyler TX 75701, US",https://texascraftbrewersguild.org/directory-brewery-members/#!biz/id/5fd3e2ebaed3903c6d346878,,1
177,TUPPS Brewery,"721 Anderson St. McKinney TX 75069, US",https://texascraftbrewersguild.org/directory-brewery-members/#!biz/id/5fba952669c86f7de94967c9,,1
178,Twin Peaks Brewing Company,"1500 Market Place Blvd. Irving TX 75063, US",https://texascraftbrewersguild.org/directory-brewery-members/#!biz/id/5fba952769c86f7de94967e2,,1
179,Two Docs Brewing Co.,"502 Texas Ave Lubbock TX 79401, US",https://texascraftbrewersguild.org/directory-brewery-members/#!biz/id/609d51a287372f303158209a,,1
180,Urban South Brewery,"1201 Oliver St. Houston TX 77007, US",https://texascraftbrewersguild.org/directory-brewery-members/#!biz/id/5fba952869c86f7de949682d,,1
181,Vacancy Brewing,"415 E St Elmo Rd 1-D2 Austin TX 78745, US",https://texascraftbrewersguild.org/directory-brewery-members/#!biz/id/607f4e3d0e7da20d732f2621,,1
182,Vallensons Brewing Company,"4081 Rice Drier Road Pearland TX 77581, US",https://texascraftbrewersguild.org/directory-brewery-members/#!biz/id/5fba952469c86f7de9496779,,1
183,Vector Brewing,"9850 Walnut Hill Ln. Dallas TX 75238, US",https://texascraftbrewersguild.org/directory-brewery-members/#!biz/id/5fba952869c86f7de9496828,,1
184,Vista Brewing,"13551 FM 150 Driftwood TX 78619, US",https://texascraftbrewersguild.org/directory-brewery-members/#!biz/id/5fba952569c86f7de9496798,,1
185,Walking Beam Brewing Co,"1019 Halsell Street Bridgeport TX 76426, US",https://texascraftbrewersguild.org/directory-brewery-members/#!biz/id/5fba952669c86f7de94967b9,,1
186,Weathered Souls Brewing Company,"4744 Center Park blvd San Antonio TX 78218, US",https://texascraftbrewersguild.org/directory-brewery-members/#!biz/id/5f775a9445a0c06215737079,,1
187,Westlake Brewing Company,"2816 Commerce Street Dallas TX 75226, US",https://texascraftbrewersguild.org/directory-brewery-members/#!biz/id/5f775a9345a0c0621573705d,,1
188,White Rock Alehouse & Brewery,"7331 Gaston Ave, Suite 100 Dallas TX 75214, US",https://texascraftbrewersguild.org/directory-brewery-members/#!biz/id/5fba952469c86f7de9496777,,1
189,Whitestone Brewery,"601 E. Whitestone Blvd., Building 5, Suite 500 Cedar Park TX 78613, US",https://texascraftbrewersguild.org/directory-brewery-members/#!biz/id/5fba952669c86f7de94967ba,,1
190,Whole Foods Market Brewing Company,"1700 Post Oak Blvd suit 100 Houston TX 77056, US",https://texascraftbrewersguild.org/directory-brewery-members/#!biz/id/5f775a9345a0c06215737067,,1
191,Wichita Falls Brewing Company,701 Indiana Ave Wichita Falls Texas 76308,https://texascraftbrewersguild.org/directory-brewery-members/#!biz/id/5fba952669c86f7de94967bb,,1
192,Wild Acre Brewing Company,"1734 E. El Paso Street, Ste.190 Fort Worth TX 76102, US",https://texascraftbrewersguild.org/directory-brewery-members/#!biz/id/5fba952669c86f7de94967c3,,1
193,Wild Bunch Brewing Company,"1764 Taylorsville Rd Red Rock TX 78662, US",https://texascraftbrewersguild.org/directory-brewery-members/#!biz/id/5f775a9445a0c0621573707f,,1
194,Willard’s Brewery,2400 Patterson Industrial Dr Austin Texas 78660,https://texascraftbrewersguild.org/directory-brewery-members/#!biz/id/5f775a9445a0c06215737077,,1
195,Windmills Brewing Co,"5755 Grandscape Blvd The Colony TX 75056, US",https://texascraftbrewersguild.org/directory-brewery-members/#!biz/id/5fba952769c86f7de9496806,,1
196,Zilker Brewing Company,"1701 E 6th St Austin TX 78702, US",https://texascraftbrewersguild.org/directory-brewery-members/#!biz/id/5fba952669c86f7de94967d4,,1
